City_ID,City,Country,Date,Lat,Lng,Lng,Max Temp,Humidity,Cloudiness,Wind Speed
0,Vangaindrano,MG,2021-06-07 03:49:38,-23.35,47.6,47.6,64.33,82,84,8.25
1,Honningsvag,NO,2021-06-07 03:49:39,70.9821,25.9704,25.9704,42.55,70,0,10.36
2,Anadyr,RU,2021-06-07 03:40:30,64.75,177.4833,177.4833,45.1,56,40,15.01
3,Bonavista,CA,2021-06-07 03:46:23,48.6499,-53.1147,-53.1147,35.6,81,94,4.07
4,Nova Olimpia,BR,2021-06-07 03:49:39,-14.7972,-57.2881,-57.2881,75.22,54,86,3.87
5,Uige,AO,2021-06-07 03:40:32,-7.6087,15.0613,15.0613,62.6,56,31,3.18
6,Katsuura,JP,2021-06-07 03:45:16,35.1333,140.3,140.3,75.31,82,98,4.52
7,Jamestown,US,2021-06-07 03:44:34,42.097,-79.2353,-79.2353,71.24,75,1,1.01
8,Klaksvik,FO,2021-06-07 03:49:40,62.2266,-6.589,-6.589,49.12,92,100,4.41
9,Bani,DO,2021-06-07 03:46:52,18.2833,-70.3333,-70.3333,75.85,81,100,12.39
10,Havre-Saint-Pierre,CA,2021-06-07 03:47:06,50.2334,-63.5986,-63.5986,41.36,87,1,0.0
11,Mataura,NZ,2021-06-07 03:45:43,-46.1927,168.8643,168.8643,49.48,76,0,2.82
12,Hamilton,US,2021-06-07 03:38:51,39.1834,-84.5333,-84.5333,73.53,91,1,6.2
13,Hermanus,ZA,2021-06-07 03:45:25,-34.4187,19.2345,19.2345,66.9,48,2,11.97
14,Georgetown,MY,2021-06-07 03:49:41,5.4112,100.3354,100.3354,87.75,75,20,1.01
15,Qaanaaq,GL,2021-06-07 03:45:29,77.484,-69.3632,-69.3632,38.55,73,40,6.17
16,Punta Arenas,CL,2021-06-07 03:49:41,-53.15,-70.9167,-70.9167,35.71,87,0,10.47
17,Victoria,HK,2021-06-07 03:41:09,22.2855,114.1577,114.1577,87.85,78,59,3.0
18,Touros,BR,2021-06-07 03:46:35,-5.1989,-35.4608,-35.4608,74.3,86,42,12.93
19,Christchurch,NZ,2021-06-07 03:39:51,-43.5333,172.6333,172.6333,52.03,96,90,4.0
20,Bambous Virieux,MU,2021-06-07 03:36:59,-20.3428,57.7575,57.7575,73.65,78,40,18.37
21,Sao Filipe,CV,2021-06-07 03:41:25,14.8961,-24.4956,-24.4956,73.24,77,9,10.85
22,Arraial Do Cabo,BR,2021-06-07 03:45:42,-22.9661,-42.0278,-42.0278,71.78,87,20,6.71
23,Nazarovo,RU,2021-06-07 03:49:43,56.0064,90.3914,90.3914,65.66,68,83,16.35
24,Khatanga,RU,2021-06-07 03:45:50,71.9667,102.5,102.5,38.26,64,97,11.48
25,Chokurdakh,RU,2021-06-07 03:46:25,70.6333,147.9167,147.9167,46.04,50,44,6.11
26,Mahibadhoo,MV,2021-06-07 03:49:43,3.7833,72.9667,72.9667,83.39,70,75,15.28
27,Busselton,AU,2021-06-07 03:49:44,-33.65,115.3333,115.3333,61.05,59,51,9.46
28,Kapaa,US,2021-06-07 03:45:21,22.0752,-159.319,-159.319,84.18,69,40,5.01
29,Terrace,CA,2021-06-07 03:49:44,54.5163,-128.6035,-128.6035,58.91,54,40,9.22
30,Mityana,UG,2021-06-07 03:49:45,0.4175,32.0228,32.0228,60.94,98,51,0.4
31,Ruidoso,US,2021-06-07 03:49:45,33.3317,-105.673,-105.673,78.66,32,20,1.1
32,Yellowknife,CA,2021-06-07 03:45:11,62.456,-114.3525,-114.3525,46.92,71,75,4.0
33,Murgab,TM,2021-06-07 03:49:45,37.4966,61.9714,61.9714,78.67,47,0,10.22
34,Puerto Ayora,EC,2021-06-07 03:41:26,-0.7393,-90.3518,-90.3518,72.55,97,24,1.01
35,Hvolsvollur,IS,2021-06-07 03:49:46,63.7533,-20.2243,-20.2243,45.81,88,99,10.54
36,Kaeo,NZ,2021-06-07 03:46:09,-35.1,173.7833,173.7833,62.33,95,100,12.03
37,Timra,SE,2021-06-07 03:42:28,62.487,17.3257,17.3257,59.68,92,40,6.91
38,Ilulissat,GL,2021-06-07 03:46:58,69.2167,-51.1,-51.1,37.42,87,0,0.0
39,Grand Gaube,MU,2021-06-07 03:49:47,-20.0064,57.6608,57.6608,73.8,82,14,1.99
40,Mahanje,TZ,2021-06-07 03:49:47,-9.9333,35.3333,35.3333,59.25,85,99,1.36
41,Mount Isa,AU,2021-06-07 03:42:45,-20.7333,139.5,139.5,76.77,29,0,11.5
42,Hilo,US,2021-06-07 03:43:02,19.7297,-155.09,-155.09,78.53,73,90,8.05
43,Poya,NC,2021-06-07 03:49:48,-21.35,165.15,165.15,74.05,56,80,10.49
44,Palmdale,US,2021-06-07 03:46:24,34.5794,-118.1165,-118.1165,70.81,64,49,5.99
45,Sibolga,ID,2021-06-07 03:39:13,1.7427,98.7792,98.7792,85.8,59,10,4.34
46,Thompson,CA,2021-06-07 03:49:49,55.7435,-97.8558,-97.8558,55.56,94,90,5.75
47,Vaini,TO,2021-06-07 03:45:29,-21.2,-175.2,-175.2,73.56,94,90,10.36
48,Zonguldak,TR,2021-06-07 03:49:49,41.25,31.8333,31.8333,54.99,66,99,4.68
49,Nabire,ID,2021-06-07 03:47:55,-3.3667,135.4833,135.4833,81.41,83,85,2.26
50,Port Elizabeth,ZA,2021-06-07 03:45:15,-33.918,25.5701,25.5701,53.89,43,0,0.0
51,Pevek,RU,2021-06-07 03:37:05,69.7008,170.3133,170.3133,50.94,59,4,15.23
52,Bengkulu,ID,2021-06-07 03:43:52,-3.8004,102.2655,102.2655,83.35,67,54,3.69
53,Port Alfred,ZA,2021-06-07 03:45:10,-33.5906,26.891,26.891,62.11,36,0,8.59
54,Ponta Do Sol,PT,2021-06-07 03:40:39,32.6667,-17.1,-17.1,66.83,78,12,5.39
55,Abha,SA,2021-06-07 03:42:56,18.2164,42.5053,42.5053,64.22,39,0,0.6
56,Huarmey,PE,2021-06-07 03:49:51,-10.0681,-78.1522,-78.1522,64.69,85,88,6.4
57,Qinhuangdao,CN,2021-06-07 03:49:51,39.9317,119.5883,119.5883,71.94,55,100,10.98
58,Tuktoyaktuk,CA,2021-06-07 03:45:56,69.4541,-133.0374,-133.0374,37.4,70,20,13.8
59,Ushuaia,AR,2021-06-07 03:41:34,-54.8,-68.3,-68.3,44.26,61,40,5.75
60,Richards Bay,ZA,2021-06-07 03:46:23,-28.783,32.0377,32.0377,56.52,81,1,7.56
61,Saint-Philippe,RE,2021-06-07 03:45:13,-21.3585,55.7679,55.7679,71.19,83,97,17.4
62,Amahai,ID,2021-06-07 03:49:52,-3.3333,128.9167,128.9167,82.99,74,93,6.98
63,Albany,US,2021-06-07 03:40:40,42.6001,-73.9662,-73.9662,72.16,76,15,3.76
64,Guerrero Negro,MX,2021-06-07 03:49:53,27.9769,-114.0611,-114.0611,62.69,78,92,14.99
65,Rikitea,PF,2021-06-07 03:45:14,-23.1203,-134.9692,-134.9692,76.53,85,100,15.95
66,Manta,EC,2021-06-07 03:49:53,-0.95,-80.7333,-80.7333,73.18,88,90,8.05
67,Kruisfontein,ZA,2021-06-07 03:41:38,-34.0033,24.7314,24.7314,56.26,30,0,9.71
68,Lavrentiya,RU,2021-06-07 03:46:28,65.5833,-171.0,-171.0,34.74,85,89,6.02
69,Lishui,CN,2021-06-07 03:49:54,28.4604,119.9103,119.9103,86.27,38,99,2.66
70,Lokoja,NG,2021-06-07 03:49:54,7.8024,6.743,6.743,76.28,87,100,3.6
71,Yoichi,JP,2021-06-07 03:49:55,43.2039,140.7703,140.7703,69.84,62,30,5.77
72,Bredasdorp,ZA,2021-06-07 03:45:40,-34.5322,20.0403,20.0403,60.12,41,4,8.25
73,Akersberga,SE,2021-06-07 03:49:55,59.4794,18.2997,18.2997,61.32,70,79,4.32
74,Santo Antonio Do Leverger,BR,2021-06-07 03:49:56,-15.8656,-56.0767,-56.0767,77.38,50,97,4.5
75,Alofi,NU,2021-06-07 03:43:09,-19.0595,-169.9187,-169.9187,80.49,65,8,6.91
76,Hambantota,LK,2021-06-07 03:49:56,6.1241,81.1185,81.1185,84.54,84,20,16.67
77,Aswan,EG,2021-06-07 03:42:42,24.0934,32.907,32.907,80.29,19,0,13.6
78,Dikson,RU,2021-06-07 03:45:11,73.5069,80.5464,80.5464,30.06,94,100,13.02
79,Cabo San Lucas,MX,2021-06-07 03:46:21,22.8909,-109.9124,-109.9124,89.82,62,11,11.41
80,Rovaniemi,FI,2021-06-07 03:49:57,66.5,25.7167,25.7167,54.81,50,0,9.22
81,Hobart,AU,2021-06-07 03:49:57,-42.8794,147.3294,147.3294,64.26,51,75,5.99
82,Hasaki,JP,2021-06-07 03:45:52,35.7333,140.8333,140.8333,79.29,79,100,2.04
83,Yulara,AU,2021-06-07 03:40:51,-25.2406,130.9889,130.9889,67.84,28,56,9.22
84,Severo-Kurilsk,RU,2021-06-07 03:49:58,50.6789,156.125,156.125,43.81,92,100,14.32
85,Bethel,US,2021-06-07 03:40:55,41.3712,-73.414,-73.414,76.62,77,1,0.0
86,Santiago De Chuco,PE,2021-06-07 03:49:58,-8.15,-78.1833,-78.1833,50.99,71,99,1.81
87,Zruc Nad Sazavou,CZ,2021-06-07 03:49:58,49.7401,15.1061,15.1061,59.85,93,17,1.45
88,Ribeira Grande,PT,2021-06-07 03:43:02,38.5167,-28.7,-28.7,64.99,91,100,9.48
89,Tasiilaq,GL,2021-06-07 03:49:59,65.6145,-37.6368,-37.6368,39.36,90,97,2.91
90,Atuona,PF,2021-06-07 03:42:50,-9.8,-139.0333,-139.0333,80.22,66,6,10.98
91,Wad Rawah,SD,2021-06-07 03:49:59,15.1603,33.1397,33.1397,88.38,41,53,13.13
92,Mogadishu,SO,2021-06-07 03:40:46,2.0371,45.3438,45.3438,79.54,83,53,18.68
93,Bluff,NZ,2021-06-07 03:50:00,-46.6,168.3333,168.3333,49.8,73,7,7.23
94,Torbay,CA,2021-06-07 03:45:37,47.6666,-52.7314,-52.7314,39.27,92,90,12.66
95,Jinchang,CN,2021-06-07 03:50:00,38.4953,102.1739,102.1739,73.42,24,0,8.68
96,Payo,ID,2021-06-07 03:50:01,-3.7508,103.6372,103.6372,89.17,53,7,2.3
97,Norman Wells,CA,2021-06-07 03:41:26,65.282,-126.8329,-126.8329,51.84,62,75,3.44
98,Kochevo,RU,2021-06-07 03:50:01,59.5994,54.3125,54.3125,66.49,61,63,6.58
99,Rupert,US,2021-06-07 03:50:02,42.6191,-113.6772,-113.6772,71.55,30,1,9.31
100,Pisco,PE,2021-06-07 03:38:46,-13.7,-76.2167,-76.2167,62.65,82,90,2.3
101,Tuatapere,NZ,2021-06-07 03:37:25,-46.1333,167.6833,167.6833,49.82,79,6,3.33
102,Bereda,ES,2021-06-07 03:40:34,43.2686,-7.5406,-7.5406,53.91,96,86,3.62
103,Buraydah,SA,2021-06-07 03:42:10,26.326,43.975,43.975,84.65,11,27,9.13
104,Berlevag,NO,2021-06-07 03:46:49,70.8578,29.0864,29.0864,41.0,65,1,3.42
105,Vardo,NO,2021-06-07 03:44:05,70.3705,31.1107,31.1107,43.0,72,7,7.02
106,Isangel,VU,2021-06-07 03:50:04,-19.55,169.2667,169.2667,77.11,65,75,11.5
107,Brigantine,US,2021-06-07 03:50:04,39.4101,-74.3646,-74.3646,76.01,86,40,12.12
108,Mahebourg,MU,2021-06-07 03:50:05,-20.4081,57.7,57.7,73.69,78,40,10.36
109,Wuwei,CN,2021-06-07 03:50:05,37.9281,102.6414,102.6414,74.75,35,2,6.76
110,Cayenne,GF,2021-06-07 03:39:08,4.9333,-52.3333,-52.3333,79.09,88,75,1.23
111,Vila Franca Do Campo,PT,2021-06-07 03:40:24,37.7167,-25.4333,-25.4333,63.01,89,99,3.47
112,Goksun,TR,2021-06-07 03:50:06,38.021,36.4973,36.4973,56.1,55,0,5.46
113,Ambilobe,MG,2021-06-07 03:43:23,-13.2,49.05,49.05,70.43,88,63,3.42
114,Tiksi,RU,2021-06-07 03:45:34,71.6872,128.8694,128.8694,42.22,70,100,5.44
115,Hithadhoo,MV,2021-06-07 03:50:06,-0.6,73.0833,73.0833,83.34,72,24,12.24
116,Filadelfia,US,2021-06-07 03:48:11,39.9523,-75.1638,-75.1638,80.1,75,20,5.01
117,Barcelona,ES,2021-06-07 03:46:53,41.3888,2.159,2.159,66.54,86,20,3.0
118,Dingle,PH,2021-06-07 03:41:06,10.9995,122.6711,122.6711,87.33,62,100,5.32
119,Butaritari,KI,2021-06-07 03:50:07,3.0707,172.7902,172.7902,82.94,72,23,7.87
120,Saskylakh,RU,2021-06-07 03:46:05,71.9167,114.0833,114.0833,44.83,42,99,7.11
121,Vitim,RU,2021-06-07 03:41:52,59.4511,112.5578,112.5578,62.15,27,39,10.67
122,New Norfolk,AU,2021-06-07 03:45:23,-42.7826,147.0587,147.0587,63.91,53,100,5.01
123,Porto Novo,BJ,2021-06-07 03:47:54,6.4965,2.6036,2.6036,76.68,89,53,2.17
124,Chulym,RU,2021-06-07 03:50:08,55.0997,80.9572,80.9572,68.67,57,8,9.19
125,Longyearbyen,SJ,2021-06-07 03:50:09,78.2186,15.6401,15.6401,31.93,80,85,2.89
126,East London,ZA,2021-06-07 03:45:47,-33.0153,27.9116,27.9116,62.19,40,0,10.87
127,Motygino,RU,2021-06-07 03:50:09,58.1831,94.7592,94.7592,55.2,95,100,10.76
128,Espinosa,BR,2021-06-07 03:50:10,-14.9261,-42.8192,-42.8192,65.93,87,88,4.32
129,Hay River,CA,2021-06-07 03:50:10,60.8156,-115.7999,-115.7999,46.38,71,75,2.3
130,Naze,JP,2021-06-07 03:41:54,28.3667,129.4833,129.4833,77.92,93,100,8.01
131,Iqaluit,CA,2021-06-07 03:41:08,63.7506,-68.5145,-68.5145,31.73,93,75,5.99
132,Saint Anthony,US,2021-06-07 03:41:13,45.0205,-93.218,-93.218,84.52,48,1,10.11
133,Fort Nelson,CA,2021-06-07 03:42:57,58.8053,-122.7002,-122.7002,60.39,36,75,8.05
134,High Level,CA,2021-06-07 03:50:11,58.5169,-117.136,-117.136,59.11,47,75,9.4
135,Leopold,AU,2021-06-07 03:50:11,-38.1833,144.4667,144.4667,62.96,59,100,23.09
136,Cap Malheureux,MU,2021-06-07 03:43:11,-19.9842,57.6142,57.6142,73.89,83,12,3.0
137,Kirkenes,NO,2021-06-07 03:50:12,69.7271,30.0458,30.0458,43.75,70,0,6.91
138,Oranjestad,AW,2021-06-07 03:50:12,12.524,-70.027,-70.027,82.35,82,20,5.99
139,Nikolskoye,RU,2021-06-07 03:45:48,59.7035,30.7861,30.7861,62.8,71,87,2.8
140,Pandan,PH,2021-06-07 03:50:13,14.0453,124.1694,124.1694,84.79,74,100,0.13
141,Namibe,AO,2021-06-07 03:46:47,-15.1961,12.1522,12.1522,75.06,42,2,9.06
142,Vestmanna,FO,2021-06-07 03:50:13,62.1564,-7.1664,-7.1664,47.32,100,90,6.69
143,Yar-Sale,RU,2021-06-07 03:40:36,66.8333,70.8333,70.8333,41.65,52,92,9.89
144,San Ramon,US,2021-06-07 03:50:14,37.7799,-121.978,-121.978,66.42,63,1,1.99
145,Te Anau,NZ,2021-06-07 03:40:34,-45.4167,167.7167,167.7167,46.8,83,0,0.69
146,Beyneu,KZ,2021-06-07 03:42:20,45.3167,55.2,55.2,72.86,52,7,12.73
147,Palu,ID,2021-06-07 03:50:14,-0.8917,119.8707,119.8707,81.64,82,100,0.98
148,Adre,TD,2021-06-07 03:50:15,13.4667,22.2,22.2,78.13,52,48,3.6
149,Kaitangata,NZ,2021-06-07 03:46:01,-46.2817,169.8464,169.8464,53.92,79,0,8.5
150,Tias,ES,2021-06-07 03:50:15,28.9611,-13.645,-13.645,67.75,83,75,8.05
151,Lahaina,US,2021-06-07 03:50:15,20.8783,-156.6825,-156.6825,82.15,84,15,12.88
152,Nikolsk,RU,2021-06-07 03:50:16,53.7189,46.0712,46.0712,60.84,85,59,2.91
153,Asyut,EG,2021-06-07 03:50:16,27.181,31.1837,31.1837,68.18,48,97,10.58
154,Permet,AL,2021-06-07 03:50:16,40.2336,20.3517,20.3517,64.27,85,30,2.91
155,Pangnirtung,CA,2021-06-07 03:47:05,66.1451,-65.7125,-65.7125,29.48,89,96,3.44
156,Naliya,IN,2021-06-07 03:50:17,23.2667,68.8333,68.8333,88.45,58,61,14.0
157,Fairbanks,US,2021-06-07 03:50:17,64.8378,-147.7164,-147.7164,70.14,43,1,9.22
158,Barrow,US,2021-06-07 03:50:17,71.2906,-156.7887,-156.7887,32.02,86,90,16.11
159,Tomatlan,MX,2021-06-07 03:43:31,19.9333,-105.25,-105.25,78.49,71,75,1.72
160,Kitzbuhel,AT,2021-06-07 03:50:18,47.4464,12.3922,12.3922,56.91,97,99,2.35
161,Umm Lajj,SA,2021-06-07 03:43:50,25.0213,37.2685,37.2685,82.9,53,0,9.91
162,Pokosnoye,RU,2021-06-07 03:50:19,55.5258,101.0536,101.0536,64.8,42,27,11.79
163,Rawson,AR,2021-06-07 03:40:59,-43.3002,-65.1023,-65.1023,47.01,59,48,16.06
164,Cidreira,BR,2021-06-07 03:45:59,-30.1811,-50.2056,-50.2056,62.29,78,91,13.02
165,Katherine,AU,2021-06-07 03:50:19,-14.4667,132.2667,132.2667,84.52,45,75,5.3
166,Faanui,PF,2021-06-07 03:42:51,-16.4833,-151.75,-151.75,81.28,76,31,11.07
167,Churapcha,RU,2021-06-07 03:43:17,62.0025,132.4325,132.4325,70.09,46,96,20.49
168,Mar Del Plata,AR,2021-06-07 03:43:04,-38.0023,-57.5575,-57.5575,52.12,72,0,1.01
169,Kirakira,SB,2021-06-07 03:40:47,-10.4544,161.9205,161.9205,82.24,78,37,7.0
170,Yumen,CN,2021-06-07 03:41:44,40.2833,97.2,97.2,70.27,13,79,14.07
171,Kaduqli,SD,2021-06-07 03:45:26,11.0167,29.7167,29.7167,78.51,66,100,3.87
172,Ulaangom,MN,2021-06-07 03:50:20,49.9811,92.0667,92.0667,59.11,37,5,6.62
173,Jacobina,BR,2021-06-07 03:50:21,-11.1806,-40.5183,-40.5183,64.71,99,80,3.11
174,Kodiak,US,2021-06-07 03:45:26,57.79,-152.4072,-152.4072,63.91,34,1,14.97
175,Xichang,CN,2021-06-07 03:50:21,27.8964,102.2634,102.2634,67.1,90,100,1.63
176,Les Cayes,HT,2021-06-07 03:50:21,18.2,-73.75,-73.75,78.39,83,13,7.07
177,Dorogino,RU,2021-06-07 03:50:22,54.3598,83.3198,83.3198,68.41,52,6,7.9
178,Clearwater,US,2021-06-07 03:46:08,27.9659,-82.8001,-82.8001,83.97,79,75,1.01
179,Chuy,UY,2021-06-07 03:46:55,-33.6971,-53.4616,-53.4616,50.22,79,11,5.97
180,Osorno,CL,2021-06-07 03:50:22,-40.5667,-73.15,-73.15,46.71,81,90,12.66
181,Jiutai,CN,2021-06-07 03:50:23,44.1525,125.8328,125.8328,73.74,35,3,2.17
182,Souillac,MU,2021-06-07 03:45:24,-20.5167,57.5167,57.5167,73.78,78,40,18.34
183,Zhigansk,RU,2021-06-07 03:41:47,66.7697,123.3711,123.3711,45.99,85,100,19.91
184,Cherskiy,RU,2021-06-07 03:40:53,68.75,161.3,161.3,71.29,33,87,20.36
185,Nizhneudinsk,RU,2021-06-07 03:50:23,54.9076,99.0276,99.0276,68.27,37,41,7.25
186,Jining,CN,2021-06-07 03:50:01,35.405,116.5814,116.5814,102.0,1,99,1.99
187,Kalakamati,BW,2021-06-07 03:50:24,-20.5929,27.3121,27.3121,46.42,89,0,12.19
188,Clyde River,CA,2021-06-07 03:46:25,70.4692,-68.5914,-68.5914,34.03,93,90,11.5
189,Divnomorskoye,RU,2021-06-07 03:50:24,44.5011,38.1353,38.1353,59.05,91,100,7.63
190,Lebu,CL,2021-06-07 03:41:18,-37.6167,-73.65,-73.65,47.43,82,98,7.61
191,Manavalakurichi,IN,2021-06-07 03:46:13,8.1333,77.3,77.3,84.29,71,20,13.02
192,Berdigestyakh,RU,2021-06-07 03:43:16,62.0989,126.6992,126.6992,58.64,60,100,14.5
193,Turkistan,KZ,2021-06-07 03:50:25,43.0,68.0,68.0,90.73,26,4,7.05
194,Sitka,US,2021-06-07 03:50:26,57.0531,-135.33,-135.33,53.49,66,75,4.61
195,Aquiraz,BR,2021-06-07 03:50:26,-3.9014,-38.3911,-38.3911,80.69,86,27,6.58
196,Pittsfield,US,2021-06-07 03:50:26,42.4501,-73.2454,-73.2454,73.33,80,1,0.0
197,Hokitika,NZ,2021-06-07 03:50:27,-42.7167,170.9667,170.9667,53.55,83,100,3.8
198,Avarua,CK,2021-06-07 03:50:27,-21.2078,-159.775,-159.775,75.25,64,94,3.44
199,Vila Velha,BR,2021-06-07 03:37:49,-20.3297,-40.2925,-40.2925,69.94,95,0,1.99
200,Rosarito,MX,2021-06-07 03:50:27,32.3333,-117.0333,-117.0333,63.59,78,45,4.16
201,Balkhash,KZ,2021-06-07 03:41:05,46.844,74.9804,74.9804,72.21,21,0,17.9
202,Gazli,UZ,2021-06-07 03:45:30,40.1333,63.45,63.45,93.96,17,1,15.37
203,Yuzhnyy,RU,2021-06-07 03:50:28,53.2542,83.6936,83.6936,71.98,37,0,3.29
204,Kloulklubed,PW,2021-06-07 03:38:48,7.0419,134.2556,134.2556,77.5,80,100,6.42
205,Vinces,EC,2021-06-07 03:50:29,-1.55,-79.7333,-79.7333,73.29,87,100,6.58
206,Luderitz,NA,2021-06-07 03:41:05,-26.6481,15.1594,15.1594,64.8,36,1,8.61
207,Airai,TL,2021-06-07 03:45:20,-8.9266,125.4092,125.4092,74.46,44,98,2.89
208,Anqing,CN,2021-06-07 03:50:29,30.5092,117.0506,117.0506,90.36,36,100,3.58
209,Saint-Augustin,CA,2021-06-07 03:43:11,51.226,-58.6502,-58.6502,46.98,80,100,8.93
210,San Patricio,US,2021-06-07 03:47:39,28.017,-97.5169,-97.5169,82.89,90,4,15.05
211,Havelock,US,2021-06-07 03:50:30,34.8791,-76.9013,-76.9013,77.95,92,1,3.0
212,Jaguaruana,BR,2021-06-07 03:50:30,-4.8339,-37.7811,-37.7811,74.1,86,85,6.51
213,Bonnyville,CA,2021-06-07 03:50:31,54.2668,-110.735,-110.735,65.52,89,14,6.51
214,Fortuna,US,2021-06-07 03:40:32,40.5982,-124.1573,-124.1573,55.74,76,1,12.66
215,Plettenberg Bay,ZA,2021-06-07 03:43:32,-34.0527,23.3716,23.3716,66.88,34,2,8.32
216,Cape Town,ZA,2021-06-07 03:40:36,-33.9258,18.4232,18.4232,67.12,37,0,10.0
217,San Carlos De Bariloche,AR,2021-06-07 03:47:45,-41.1456,-71.3082,-71.3082,40.75,65,75,6.64
218,Saldanha,ZA,2021-06-07 03:41:04,-33.0117,17.9442,17.9442,68.05,38,2,27.07
219,Teknaf,BD,2021-06-07 03:50:32,20.8624,92.3058,92.3058,84.72,79,100,6.76
220,La Rioja,ES,2021-06-07 03:50:32,42.25,-2.5,-2.5,47.05,65,50,4.68
221,Morros,BR,2021-06-07 03:48:06,-9.4467,-46.3003,-46.3003,69.22,50,93,3.47
222,Illapel,CL,2021-06-07 03:50:32,-31.6308,-71.1653,-71.1653,57.0,78,100,0.78
223,Petropavlovsk-Kamchatskiy,RU,2021-06-07 03:50:33,53.0452,158.6483,158.6483,46.99,93,75,4.05
224,Ixtapa,MX,2021-06-07 03:50:16,20.7,-105.2,-105.2,82.22,78,26,3.0
225,Kalety,PL,2021-06-07 03:50:33,50.5627,18.8926,18.8926,62.28,93,79,2.84
226,Ossora,RU,2021-06-07 03:50:34,59.2353,163.0719,163.0719,42.22,88,100,4.88
227,Kavieng,PG,2021-06-07 03:45:52,-2.5744,150.7967,150.7967,83.32,71,14,5.32
228,Changji,CN,2021-06-07 03:50:34,44.0167,87.3167,87.3167,72.39,33,0,7.92
229,Muriti,TZ,2021-06-07 03:46:53,-1.9833,32.9167,32.9167,69.91,70,33,14.16
230,Santa Isabel Do Rio Negro,BR,2021-06-07 03:50:35,-0.4139,-65.0192,-65.0192,77.97,79,92,2.17
231,Teeli,RU,2021-06-07 03:50:35,51.0333,90.2333,90.2333,58.69,43,6,4.21
232,Godollo,HU,2021-06-07 03:50:35,47.5966,19.3551,19.3551,65.57,77,0,1.52
233,Coihaique,CL,2021-06-07 03:42:58,-45.5752,-72.0662,-72.0662,44.55,81,90,5.75
234,Carlisle,US,2021-06-07 03:50:36,40.2015,-77.1889,-77.1889,78.57,75,80,2.93
235,Chicama,PE,2021-06-07 03:41:36,-7.8447,-79.1469,-79.1469,64.62,88,98,4.92
236,Shache,CN,2021-06-07 03:50:36,38.4167,77.2406,77.2406,87.35,15,100,5.55
237,Central Point,US,2021-06-07 03:50:37,42.376,-122.9164,-122.9164,66.33,32,40,11.5
238,Carndonagh,IE,2021-06-07 03:50:37,55.25,-7.2667,-7.2667,49.96,90,100,5.68
239,Solnechnyy,RU,2021-06-07 03:46:06,50.7214,136.6319,136.6319,69.22,54,46,3.31
240,Ubatuba,BR,2021-06-07 03:47:32,-23.4339,-45.0711,-45.0711,70.74,75,91,3.83
241,Lompoc,US,2021-06-07 03:46:05,34.6391,-120.4579,-120.4579,61.38,82,90,7.02
242,Narsaq,GL,2021-06-07 03:50:38,60.9167,-46.05,-46.05,43.3,79,100,2.59
243,Torfyanoy,RU,2021-06-07 03:50:38,58.4916,49.1979,49.1979,65.46,69,8,5.26
244,Chapais,CA,2021-06-07 03:46:38,49.7834,-74.8492,-74.8492,67.78,80,74,9.73
245,Flinders,AU,2021-06-07 03:50:39,-34.5833,150.8552,150.8552,69.19,58,99,3.0
246,Mitzic,GA,2021-06-07 03:50:39,0.7821,11.549,11.549,68.49,98,97,1.43
247,Ancud,CL,2021-06-07 03:41:53,-41.8697,-73.8203,-73.8203,53.22,89,100,17.34
248,Boditi,ET,2021-06-07 03:50:39,6.9667,37.8667,37.8667,57.6,91,94,0.89
249,Ceres,US,2021-06-07 03:50:40,37.5949,-120.9577,-120.9577,81.18,31,1,10.36
250,Floro,NO,2021-06-07 03:50:40,61.5996,5.0328,5.0328,54.23,100,10,3.44
251,Faya,SA,2021-06-07 03:43:01,18.3851,42.4509,42.4509,64.51,33,6,1.01
252,Pointe-Noire,CG,2021-06-07 03:50:41,-4.7761,11.8635,11.8635,77.07,94,90,4.61
253,Kahului,US,2021-06-07 03:41:15,20.8947,-156.47,-156.47,80.62,73,40,21.85
254,Hearst,CA,2021-06-07 03:41:49,49.6835,-83.6665,-83.6665,79.05,62,0,14.92
255,Belle Glade,US,2021-06-07 03:50:42,26.6845,-80.6676,-80.6676,82.42,78,98,11.81
256,Natal,BR,2021-06-07 03:49:48,-5.795,-35.2094,-35.2094,75.42,88,75,9.42
257,Kumluca,TR,2021-06-07 03:50:42,36.3703,30.2869,30.2869,73.49,38,3,1.39
258,Erdenet,MN,2021-06-07 03:47:41,49.0333,104.0833,104.0833,37.31,99,100,8.28
259,Akyab,MM,2021-06-07 03:46:59,20.15,92.9,92.9,82.08,85,100,8.66
260,Port Lincoln,AU,2021-06-07 03:37:30,-34.7333,135.8667,135.8667,58.55,84,44,23.8
261,Pombas,CV,2021-06-07 03:50:43,17.1503,-25.0201,-25.0201,69.58,82,24,15.64
262,Krasnaya Polyana,RU,2021-06-07 03:50:43,56.242,51.1442,51.1442,67.14,62,3,1.7
263,Meulaboh,ID,2021-06-07 03:41:06,4.1363,96.1285,96.1285,83.07,66,100,6.73
264,Bilibino,RU,2021-06-07 03:43:23,68.0546,166.4372,166.4372,70.23,35,36,15.37
265,Asau,RO,2021-06-07 03:40:52,46.4333,26.4,26.4,56.75,76,26,3.87
266,Tautira,PF,2021-06-07 03:44:00,-17.7333,-149.15,-149.15,82.42,70,5,8.01
267,Ormilia,GR,2021-06-07 03:50:44,40.3,23.55,23.55,71.19,71,100,2.33
268,Castro,BR,2021-06-07 03:50:31,-24.7911,-50.0119,-50.0119,57.02,92,100,6.26
269,Beckley,US,2021-06-07 03:50:45,37.7782,-81.1882,-81.1882,71.28,93,90,1.01
270,Carnarvon,AU,2021-06-07 03:45:23,-24.8667,113.6333,113.6333,73.47,49,100,12.66
271,Kayasula,RU,2021-06-07 03:50:45,44.325,45.0,45.0,58.01,94,100,11.25
272,Salinopolis,BR,2021-06-07 03:50:45,-0.6136,-47.3561,-47.3561,77.5,85,20,7.81
273,Hetauda,NP,2021-06-07 03:50:46,27.4284,85.0322,85.0322,88.95,35,0,4.72
274,Aberdeen,GB,2021-06-07 03:49:31,57.1437,-2.0981,-2.0981,50.49,96,75,1.14
275,Kemijarvi,FI,2021-06-07 03:46:17,66.7131,27.4306,27.4306,54.9,46,0,5.68
276,Yerbogachen,RU,2021-06-07 03:50:46,61.2767,108.0108,108.0108,53.76,38,69,12.15
277,Bilma,NE,2021-06-07 03:42:42,18.6853,12.9164,12.9164,84.9,19,86,7.56
278,Mirnyy,RU,2021-06-07 03:41:16,62.5353,113.9611,113.9611,53.4,29,29,17.58
279,Kapenguria,KE,2021-06-07 03:50:47,1.2511,35.0895,35.0895,53.6,82,48,5.08
280,Kelowna,CA,2021-06-07 03:46:05,49.8831,-119.4857,-119.4857,55.45,61,90,1.99
281,Constantine,DZ,2021-06-07 03:50:48,36.365,6.6147,6.6147,63.81,82,40,5.75
282,Port Hardy,CA,2021-06-07 03:41:58,50.6996,-127.4199,-127.4199,53.78,82,75,0.0
283,Shahabad,IN,2021-06-07 03:50:48,27.65,79.95,79.95,101.73,23,0,6.46
284,Trinidad,BO,2021-06-07 03:40:17,-14.8333,-64.9,-64.9,70.79,89,77,3.36
285,Pangody,RU,2021-06-07 03:46:43,65.85,74.4859,74.4859,42.78,45,41,12.73
286,Geraldton,AU,2021-06-07 03:46:42,-28.7667,114.6,114.6,65.12,59,100,17.65
287,Da Nang,VN,2021-06-07 03:50:49,16.0678,108.2208,108.2208,95.05,66,75,6.91
288,Yeniseysk,RU,2021-06-07 03:50:49,58.4497,92.1703,92.1703,54.37,86,98,8.75
289,Pitimbu,BR,2021-06-07 03:50:49,-7.4706,-34.8086,-34.8086,75.79,86,18,8.9
290,Vestmannaeyjar,IS,2021-06-07 03:47:48,63.4427,-20.2734,-20.2734,47.48,92,100,19.24
291,Najran,SA,2021-06-07 03:50:50,17.4924,44.1277,44.1277,75.85,27,29,5.53
292,Ambulu,ID,2021-06-07 03:42:49,-8.345,113.6058,113.6058,85.59,64,8,6.02
293,Biloela,AU,2021-06-07 03:50:50,-24.4167,150.5,150.5,75.6,30,0,3.62
294,Goderich,CA,2021-06-07 03:41:48,43.7501,-81.7165,-81.7165,79.12,47,56,10.36
295,Vao,NC,2021-06-07 03:50:51,-22.6667,167.4833,167.4833,69.73,62,22,15.19
296,Borogontsy,RU,2021-06-07 03:50:51,62.6683,131.1683,131.1683,58.46,54,99,16.51
297,Dolores,AR,2021-06-07 03:50:52,-36.3132,-57.6792,-57.6792,44.69,86,90,6.55
298,Evensk,RU,2021-06-07 03:40:07,61.95,159.2333,159.2333,50.0,72,59,8.12
299,Kirkwood,US,2021-06-07 03:50:52,38.5834,-90.4068,-90.4068,76.71,85,100,5.99
300,Toowoomba,AU,2021-06-07 03:50:52,-27.55,151.9667,151.9667,65.14,62,0,1.01
301,Aklavik,CA,2021-06-07 03:45:46,68.2191,-135.0107,-135.0107,47.12,41,11,9.1
302,Risch,CH,2021-06-07 03:50:53,47.1405,8.441,8.441,61.84,93,90,0.69
303,Vaitape,PF,2021-06-07 03:41:58,-16.5167,-151.75,-151.75,81.25,76,29,11.07
304,Ampanihy,MG,2021-06-07 03:50:54,-24.7,44.75,44.75,59.36,73,0,13.22
305,Bar Harbor,US,2021-06-07 03:50:54,44.3876,-68.2039,-68.2039,69.35,79,75,3.31
306,Glendive,US,2021-06-07 03:50:54,47.1053,-104.7125,-104.7125,63.48,33,1,6.91
307,Dandong,CN,2021-06-07 03:50:55,40.1292,124.3947,124.3947,77.5,44,98,3.0
308,Eirunepe,BR,2021-06-07 03:46:35,-6.6603,-69.8736,-69.8736,72.05,99,93,1.23
309,Doka,SD,2021-06-07 03:46:47,13.5167,35.7667,35.7667,81.9,55,96,12.62
310,Lazaro Cardenas,MX,2021-06-07 03:45:50,17.9583,-102.2,-102.2,81.32,79,92,4.38
311,San Mateo Del Mar,MX,2021-06-07 03:50:55,16.2,-95.0,-95.0,85.51,76,91,14.05
312,Kamenka,RU,2021-06-07 03:46:29,51.3223,42.7678,42.7678,59.76,84,95,3.65
313,Saint-Michel-Des-Saints,CA,2021-06-07 03:50:56,46.6834,-73.9159,-73.9159,67.77,93,100,7.54
314,Poyarkovo,RU,2021-06-07 03:50:56,49.6,128.6833,128.6833,74.82,48,85,8.05
315,Chippewa Falls,US,2021-06-07 03:50:56,44.9369,-91.3929,-91.3929,80.78,62,1,11.43
316,College,US,2021-06-07 03:43:23,64.8569,-147.8028,-147.8028,70.12,43,75,13.8
317,Broome,US,2021-06-07 03:47:01,42.2506,-75.833,-75.833,72.54,77,53,2.98
318,Provideniya,RU,2021-06-07 03:45:55,64.3833,-173.3,-173.3,44.71,61,75,4.47
319,Wenatchee,US,2021-06-07 03:50:57,47.4235,-120.3103,-120.3103,59.29,54,20,4.61
320,Szolnok,HU,2021-06-07 03:50:58,47.1833,20.2,20.2,59.99,94,0,2.3
321,Zhanaozen,KZ,2021-06-07 03:45:06,43.3,52.8,52.8,71.31,53,8,8.12
322,Hualmay,PE,2021-06-07 03:46:40,-11.0964,-77.6139,-77.6139,63.0,86,35,5.91
323,Grafton,US,2021-06-07 03:50:58,42.207,-71.6856,-71.6856,77.52,76,1,1.01
324,Buala,SB,2021-06-07 03:47:16,-8.145,159.5921,159.5921,83.95,73,75,8.08
325,Agadir,MA,2021-06-07 03:50:59,30.4202,-9.5982,-9.5982,64.85,80,100,3.31
326,Saint George,US,2021-06-07 03:46:41,37.1041,-113.5841,-113.5841,93.79,8,1,20.71
327,Vyartsilya,RU,2021-06-07 03:50:59,62.1764,30.693,30.693,52.27,76,96,8.14
328,Perris,US,2021-06-07 03:47:11,33.7825,-117.2287,-117.2287,70.03,70,1,4.0
329,Olinda,BR,2021-06-07 03:45:56,-8.0089,-34.8553,-34.8553,74.93,83,40,9.71
330,Itarema,BR,2021-06-07 03:47:21,-2.9248,-39.9167,-39.9167,75.92,87,12,7.92
331,Moron,AR,2021-06-07 03:50:49,-34.6534,-58.6198,-58.6198,55.15,88,97,6.82
332,Lasa,IT,2021-06-07 03:51:00,46.6166,10.7002,10.7002,56.62,93,100,1.61
333,Mount Gambier,AU,2021-06-07 03:43:50,-37.8333,140.7667,140.7667,60.71,63,100,18.41
334,Fairlie,GB,2021-06-07 03:51:01,55.756,-4.8556,-4.8556,52.12,74,96,5.01
335,Aripuana,BR,2021-06-07 03:48:04,-9.1667,-60.6333,-60.6333,75.74,76,100,1.41
336,Vostok,RU,2021-06-07 03:39:18,46.4856,135.8833,135.8833,69.91,44,48,9.24
337,Tezu,IN,2021-06-07 03:51:02,27.9167,96.1667,96.1667,75.47,95,97,2.21
338,Nishihara,JP,2021-06-07 03:42:03,26.1842,127.7558,127.7558,82.06,83,90,9.89
339,Mandalgovi,MN,2021-06-07 03:43:35,45.7625,106.2708,106.2708,55.81,47,0,16.71
340,Paracuru,BR,2021-06-07 03:47:38,-3.41,-39.0306,-39.0306,80.62,84,14,8.57
341,Acarau,BR,2021-06-07 03:51:03,-2.8856,-40.12,-40.12,76.44,86,9,7.7
342,Shingu,JP,2021-06-07 03:51:03,33.7333,135.9833,135.9833,81.59,66,100,6.24
343,Rocha,UY,2021-06-07 03:40:31,-34.4833,-54.3333,-54.3333,45.72,89,97,3.18
344,Verkhnyaya Inta,RU,2021-06-07 03:51:04,65.9811,60.3094,60.3094,39.52,61,100,12.26
345,Rio Grande,BR,2021-06-07 03:51:04,-32.035,-52.0986,-52.0986,57.16,77,9,10.51
346,Te Horo,NZ,2021-06-07 03:51:05,-40.8084,175.1233,175.1233,61.86,80,99,1.99
347,Port-Gentil,GA,2021-06-07 03:48:02,-0.7193,8.7815,8.7815,77.99,88,100,8.25
348,Beringovskiy,RU,2021-06-07 03:45:44,63.05,179.3167,179.3167,34.47,99,100,3.85
349,Jaumave,MX,2021-06-07 03:51:05,23.4167,-99.3833,-99.3833,75.96,84,8,3.78
350,Ambanja,MG,2021-06-07 03:48:08,-13.6833,48.45,48.45,73.33,89,46,3.94
351,Grand Baie,MU,2021-06-07 03:51:06,-20.0182,57.5802,57.5802,73.87,82,15,1.99
352,Gornopravdinsk,RU,2021-06-07 03:51:06,60.05,69.9,69.9,57.18,80,99,6.49
353,Muros,ES,2021-06-07 03:42:49,42.7762,-9.0603,-9.0603,54.84,88,74,7.92
354,Chapleau,CA,2021-06-07 03:51:07,47.8405,-83.4034,-83.4034,69.19,69,0,15.08
355,Abu Samrah,SY,2021-06-07 03:51:07,35.3029,37.1841,37.1841,67.64,39,0,5.44
356,Lorengau,PG,2021-06-07 03:46:16,-2.0226,147.2712,147.2712,83.5,70,46,1.54
357,Thap Than,TH,2021-06-07 03:51:07,15.4606,99.8917,99.8917,80.55,73,100,4.14
358,Sioux Lookout,CA,2021-06-07 03:46:52,50.1001,-91.917,-91.917,71.98,56,1,8.05
359,Kavaratti,IN,2021-06-07 03:46:00,10.5669,72.642,72.642,82.62,76,100,12.62
360,Kitgum,UG,2021-06-07 03:51:08,3.2783,32.8867,32.8867,64.11,95,14,2.37
361,Russkaya Polyana,UA,2021-06-07 03:51:08,49.417,31.9201,31.9201,57.31,87,90,7.16
362,Tsiroanomandidy,MG,2021-06-07 03:51:09,-18.7667,46.0333,46.0333,56.61,77,7,3.06
363,Rockport,US,2021-06-07 03:50:51,28.0206,-97.0544,-97.0544,83.05,88,1,7.0
364,Camana,PE,2021-06-07 03:51:09,-16.6228,-72.7111,-72.7111,62.98,85,51,5.99
365,Boa Viagem,BR,2021-06-07 03:51:10,-5.1275,-39.7322,-39.7322,71.82,71,22,2.8
366,Enkoping,SE,2021-06-07 03:51:10,59.6361,17.0777,17.0777,61.23,71,89,3.42
367,Santa Marta,CO,2021-06-07 03:51:10,11.2408,-74.199,-74.199,84.97,72,75,11.99
368,Jiazi,CN,2021-06-07 03:41:45,22.8779,116.067,116.067,81.91,74,70,18.88
369,Fukue,JP,2021-06-07 03:43:16,32.6881,128.8419,128.8419,75.56,78,20,8.05
370,Lodwar,KE,2021-06-07 03:51:11,3.1191,35.5973,35.5973,79.18,53,77,13.2
371,Khasan,RU,2021-06-07 03:41:41,42.4308,130.6434,130.6434,63.09,71,32,5.77
372,Talnakh,RU,2021-06-07 03:51:11,69.4865,88.3972,88.3972,32.65,94,100,6.02
373,Port Hedland,AU,2021-06-07 03:41:24,-20.3167,118.5667,118.5667,87.85,19,46,17.27
374,Tazovskiy,RU,2021-06-07 03:51:12,67.4667,78.7,78.7,35.89,75,85,9.4
375,Saint-Pierre,RE,2021-06-07 03:43:03,-21.3393,55.4781,55.4781,71.28,85,90,19.57
376,Ahipara,NZ,2021-06-07 03:51:06,-35.1667,173.1667,173.1667,61.74,88,98,10.96
377,Sabha,LY,2021-06-07 03:51:13,27.0377,14.4283,14.4283,77.65,21,45,10.02
378,Carballo,ES,2021-06-07 03:51:13,43.213,-8.691,-8.691,54.86,97,34,2.1
379,Igarka,RU,2021-06-07 03:51:13,67.4667,86.5833,86.5833,37.81,73,100,10.92
380,Mareeba,AU,2021-06-07 03:51:14,-17.0,145.4333,145.4333,75.49,70,50,7.72
381,Sukumo,JP,2021-06-07 03:51:14,32.9333,132.7333,132.7333,80.44,56,100,3.71
382,Upernavik,GL,2021-06-07 03:45:27,72.7868,-56.1549,-56.1549,34.3,82,19,5.77
383,Almaznyy,RU,2021-06-07 03:51:14,48.0448,40.045,40.045,59.14,82,99,10.54
384,Kaharlyk,UA,2021-06-07 03:51:15,49.8623,30.8282,30.8282,59.43,91,66,6.6
385,Nahrin,AF,2021-06-07 03:51:15,36.0649,69.1334,69.1334,89.85,15,0,5.66
386,Nome,US,2021-06-07 03:42:35,64.5011,-165.4064,-165.4064,35.67,80,90,10.36
387,Ostrovnoy,RU,2021-06-07 03:48:04,68.0531,39.5131,39.5131,39.94,72,32,5.48
388,Belogorsk,RU,2021-06-07 03:51:16,50.9158,128.4611,128.4611,75.07,41,15,9.86
389,Tura,IN,2021-06-07 03:51:16,25.5198,90.2201,90.2201,84.15,71,35,6.55
390,Bay Roberts,CA,2021-06-07 03:51:16,47.5999,-53.2648,-53.2648,40.05,91,63,5.99
391,Namatanai,PG,2021-06-07 03:47:03,-3.6667,152.4333,152.4333,83.75,69,71,4.9
392,Kholm,RU,2021-06-07 03:51:17,59.2667,32.85,32.85,61.32,84,85,3.15
393,Padang,ID,2021-06-07 03:51:17,-0.9492,100.3543,100.3543,84.25,61,9,4.88
394,Cusuna,HN,2021-06-07 03:51:18,15.85,-85.2333,-85.2333,76.53,90,6,7.96
395,Zharkent,KZ,2021-06-07 03:51:18,44.1628,80.0,80.0,75.94,41,100,4.09
396,Pringsewu,ID,2021-06-07 03:51:18,-5.3582,104.9744,104.9744,87.85,54,24,6.17
397,Ajdabiya,LY,2021-06-07 03:47:04,30.7554,20.2263,20.2263,70.99,41,0,8.97
398,Beyla,GN,2021-06-07 03:51:19,8.6833,-8.6333,-8.6333,68.38,98,30,4.18
399,Grindavik,IS,2021-06-07 03:46:41,63.8424,-22.4338,-22.4338,48.15,93,75,6.69
400,Salalah,OM,2021-06-07 03:46:23,17.0151,54.0924,54.0924,84.29,89,75,3.44
401,Necochea,AR,2021-06-07 03:51:19,-38.5473,-58.7368,-58.7368,46.04,65,100,10.47
402,Tabou,CI,2021-06-07 03:51:18,4.423,-7.3528,-7.3528,78.57,84,98,7.9
403,Nanortalik,GL,2021-06-07 03:48:28,60.1432,-45.2371,-45.2371,42.28,76,100,7.49
404,Batagay-Alyta,RU,2021-06-07 03:45:24,67.8006,130.4114,130.4114,50.36,57,100,9.37
405,Acapulco,MX,2021-06-07 03:37:07,16.8634,-99.8901,-99.8901,83.16,80,100,8.25
406,Puerto Escondido,MX,2021-06-07 03:44:48,15.85,-97.0667,-97.0667,79.63,73,75,10.36
407,San Cristobal,VE,2021-06-07 03:51:21,7.7669,-72.225,-72.225,65.71,98,100,2.82
408,Enugu,NG,2021-06-07 03:51:21,6.4402,7.4943,7.4943,71.98,95,98,1.3
409,Vanimo,PG,2021-06-07 03:42:01,-2.6741,141.3028,141.3028,82.18,83,85,6.69
410,Roald,NO,2021-06-07 03:43:04,62.5833,6.1333,6.1333,54.34,93,75,5.75
411,Beruwala,LK,2021-06-07 03:51:22,6.4788,79.9828,79.9828,82.94,78,99,10.16
412,Soligalich,RU,2021-06-07 03:51:22,59.0778,42.2864,42.2864,65.86,58,51,3.47
413,Kupang,ID,2021-06-07 03:43:00,-10.1667,123.5833,123.5833,86.58,58,20,14.97
414,Pacific Grove,US,2021-06-07 03:46:51,36.6177,-121.9166,-121.9166,59.58,78,20,3.0
415,Belmonte,BR,2021-06-07 03:46:30,-15.8631,-38.8828,-38.8828,72.1,88,41,5.44
416,Nadym,RU,2021-06-07 03:51:23,65.5333,72.5167,72.5167,44.11,48,39,7.61
417,Faridpur,BD,2021-06-07 03:51:23,23.6,89.8333,89.8333,86.0,54,95,8.81
418,Tiarei,PF,2021-06-07 03:42:52,-17.5333,-149.3333,-149.3333,82.42,72,14,8.48
419,Bijie,CN,2021-06-07 03:51:24,27.3125,105.2942,105.2942,72.5,48,100,3.67
420,Sovetsk,RU,2021-06-07 03:51:24,55.0839,21.8785,21.8785,54.46,83,40,2.35
421,Myitkyina,MM,2021-06-07 03:45:12,25.3833,97.4,97.4,86.11,69,100,3.24
422,Esperance,AU,2021-06-07 03:51:24,-33.8667,121.9,121.9,55.24,58,87,26.04
423,Belyy Yar,RU,2021-06-07 03:51:25,53.6039,91.3903,91.3903,62.49,63,0,5.7
424,Paita,PE,2021-06-07 03:51:25,-5.0892,-81.1144,-81.1144,68.31,81,99,10.65
425,Kaele,CM,2021-06-07 03:51:25,10.1092,14.4508,14.4508,79.95,63,78,0.89
426,Paamiut,GL,2021-06-07 03:51:26,61.994,-49.6678,-49.6678,38.08,96,100,5.3
427,Ketchikan,US,2021-06-07 03:42:52,55.3422,-131.6461,-131.6461,53.58,82,75,13.8
428,Lagoa,PT,2021-06-07 03:45:47,39.05,-27.9833,-27.9833,63.57,90,100,13.15
429,Qianguo,CN,2021-06-07 03:51:26,45.1171,124.8568,124.8568,77.74,32,0,2.82
430,Montclair,US,2021-06-07 03:51:27,40.8259,-74.209,-74.209,82.38,68,1,1.99
431,Korla,CN,2021-06-07 03:47:44,41.7597,86.1469,86.1469,81.34,25,27,2.71
432,Nanjing,CN,2021-06-07 03:51:27,32.0617,118.7778,118.7778,98.76,22,100,8.99
433,Dubrovytsya,UA,2021-06-07 03:51:28,51.5744,26.565,26.565,56.84,90,52,7.47
434,Chandrakona,IN,2021-06-07 03:51:28,22.7333,87.5167,87.5167,100.71,32,97,11.18
435,Nouadhibou,MR,2021-06-07 03:46:16,20.931,-17.0347,-17.0347,66.18,88,96,18.41
436,Egvekinot,RU,2021-06-07 03:42:15,66.3167,-179.1667,-179.1667,42.15,51,4,0.72
437,Coruripe,BR,2021-06-07 03:51:29,-10.1256,-36.1756,-36.1756,73.27,86,17,3.29
438,Rolante,BR,2021-06-07 03:51:29,-29.6506,-50.5758,-50.5758,60.66,98,100,3.71
439,Saint-Francois,FR,2021-06-07 03:41:52,46.4154,3.9054,3.9054,60.19,98,90,4.61
440,Sao Joao Do Piaui,BR,2021-06-07 03:51:30,-8.3581,-42.2467,-42.2467,71.08,61,85,4.25
441,Constitucion,CL,2021-06-07 03:45:47,-35.3333,-72.4167,-72.4167,52.12,63,100,4.81
442,San Rafael,AR,2021-06-07 03:44:04,-34.6177,-68.3301,-68.3301,50.0,63,22,1.41
443,Eau Claire,US,2021-06-07 03:51:30,44.8114,-91.4985,-91.4985,80.98,62,1,9.22
444,Joensuu,FI,2021-06-07 03:51:31,62.6012,29.7632,29.7632,56.26,59,0,7.0
445,Baisha,CN,2021-06-07 03:51:31,26.5222,110.9311,110.9311,90.09,38,43,1.25
446,Alcaniz,ES,2021-06-07 03:51:31,41.05,-0.1333,-0.1333,63.09,57,0,6.91
447,Aykhal,RU,2021-06-07 03:51:32,66.0,111.5,111.5,38.66,84,76,33.24
448,Kudahuvadhoo,MV,2021-06-07 03:43:41,2.6708,72.8944,72.8944,83.28,70,40,13.98
449,Leningradskiy,RU,2021-06-07 03:45:52,69.3833,178.4167,178.4167,43.95,65,9,17.09
450,Sorong,ID,2021-06-07 03:51:32,-0.8833,131.25,131.25,83.82,72,86,6.78
451,Alice Town,BS,2021-06-07 03:51:33,25.7167,-79.3,-79.3,79.79,78,91,21.21
452,Mlonggo,ID,2021-06-07 03:51:33,-6.5333,110.7,110.7,87.69,59,20,1.5
453,Waw,SS,2021-06-07 03:51:33,7.7029,27.9953,27.9953,71.31,93,100,3.42
454,Ballina,AU,2021-06-07 03:48:11,-28.8667,153.5667,153.5667,69.84,53,23,5.75
455,Gat,IL,2021-06-07 03:43:07,31.61,34.7642,34.7642,67.41,69,0,2.1
456,Kisesa,TZ,2021-06-07 03:51:34,-3.0833,34.15,34.15,58.46,79,3,6.4
457,Tabas,IR,2021-06-07 03:43:30,33.5959,56.9244,56.9244,99.27,8,0,3.74
458,Warren,US,2021-06-07 03:50:08,39.4334,-84.1666,-84.1666,73.56,83,1,6.91
459,La Romana,DO,2021-06-07 03:51:35,18.4273,-68.9728,-68.9728,80.33,94,40,0.0
460,Aden,YE,2021-06-07 03:50:16,12.7794,45.0367,45.0367,87.42,77,47,6.08
461,Cockburn Town,TC,2021-06-07 03:46:32,21.4612,-71.1419,-71.1419,79.74,78,7,22.01
462,Wasilla,US,2021-06-07 03:51:35,61.5814,-149.4394,-149.4394,68.81,58,1,1.01
463,Warkworth,NZ,2021-06-07 03:51:36,-36.4,174.6667,174.6667,61.48,90,100,26.55
464,Husavik,IS,2021-06-07 03:51:36,66.0449,-17.3389,-17.3389,48.11,72,33,9.24
465,Codrington,AU,2021-06-07 03:45:31,-38.2667,141.9667,141.9667,65.46,47,100,25.41
466,Jalu,LY,2021-06-07 03:48:01,29.0331,21.5482,21.5482,71.2,36,0,9.1
467,Palmer,US,2021-06-07 03:45:29,42.1584,-72.3287,-72.3287,75.85,76,1,4.43
468,Alta Floresta,BR,2021-06-07 03:48:01,-9.8756,-56.0861,-56.0861,73.02,64,100,3.71
469,Uspenka,UA,2021-06-07 03:51:37,48.3903,39.1619,39.1619,59.81,83,87,7.65
470,Saint-Martin-De-Crau,FR,2021-06-07 03:51:37,43.6395,4.8127,4.8127,64.53,77,0,14.85
471,North Bend,US,2021-06-07 03:41:41,43.4065,-124.2243,-124.2243,57.11,77,75,8.05
472,Alice Springs,AU,2021-06-07 03:51:38,-23.7,133.8833,133.8833,74.21,21,19,11.99
473,Caldas,CO,2021-06-07 03:51:38,6.0911,-75.6357,-75.6357,64.69,97,100,2.08
474,Zhaotong,CN,2021-06-07 03:51:39,27.3167,103.7167,103.7167,56.34,88,100,2.93
475,Duldurga,RU,2021-06-07 03:51:39,50.6761,113.5931,113.5931,81.1,23,85,15.17
476,Hobyo,SO,2021-06-07 03:47:28,5.3505,48.5268,48.5268,79.11,81,4,19.82
477,Abapo,BO,2021-06-07 03:51:40,-18.8333,-63.4667,-63.4667,62.71,84,95,0.78
478,Mananara,MG,2021-06-07 03:51:40,-16.1667,49.7667,49.7667,69.3,87,90,9.01
479,Lipin Bor,RU,2021-06-07 03:51:40,60.2622,37.9763,37.9763,59.25,79,62,10.04
480,Qujing,CN,2021-06-07 03:51:41,25.4833,103.7833,103.7833,61.75,84,100,2.57
481,Charters Towers,AU,2021-06-07 03:50:38,-20.1,146.2667,146.2667,75.27,49,73,15.41
482,Takoradi,GH,2021-06-07 03:39:54,4.8845,-1.7554,-1.7554,78.67,86,38,8.75
483,Norsup,VU,2021-06-07 03:51:41,-16.0667,167.3833,167.3833,77.92,73,99,13.29
484,Dauphin,CA,2021-06-07 03:51:42,51.1494,-100.0502,-100.0502,64.54,48,1,18.41
485,Tambacounda,SN,2021-06-07 03:51:42,13.7539,-13.7586,-13.7586,87.85,51,36,12.84
486,Leshukonskoye,RU,2021-06-07 03:51:42,64.8989,45.7622,45.7622,43.56,48,6,6.8
487,Santa Helena De Goias,BR,2021-06-07 03:51:43,-17.8136,-50.5969,-50.5969,68.27,58,60,1.61
488,Gorele,TR,2021-06-07 03:51:43,41.0308,39.0031,39.0031,62.04,55,0,1.63
489,Fare,PF,2021-06-07 03:51:43,-16.7,-151.0167,-151.0167,80.87,77,39,9.66
490,Urumqi,CN,2021-06-07 03:51:44,43.801,87.6005,87.6005,68.95,33,0,6.55
491,Belen,TR,2021-06-07 03:51:44,36.4891,36.2233,36.2233,65.19,62,0,4.68
492,Sisimiut,GL,2021-06-07 03:42:44,66.9395,-53.6735,-53.6735,39.99,91,99,4.05
493,Bourg-En-Bresse,FR,2021-06-07 03:51:44,46.1667,5.1667,5.1667,62.29,91,92,5.23
494,Hofn,IS,2021-06-07 03:51:45,64.2539,-15.2082,-15.2082,47.01,97,100,12.21
495,Honiara,SB,2021-06-07 03:51:45,-9.4333,159.95,159.95,84.81,72,26,6.58
496,Merrill,US,2021-06-07 03:51:45,45.1805,-89.6835,-89.6835,76.42,68,1,6.91
497,Montpelier,US,2021-06-07 03:46:53,44.2601,-72.5754,-72.5754,75.49,51,43,3.36
498,Rio Gallegos,AR,2021-06-07 03:51:46,-51.6226,-69.2181,-69.2181,37.45,81,0,10.36
499,Cristalina,BR,2021-06-07 03:51:46,-16.7686,-47.6136,-47.6136,60.67,69,100,2.8
500,Alugan,PH,2021-06-07 03:46:03,12.2188,125.4808,125.4808,82.94,74,88,3.8
501,Milkovo,RU,2021-06-07 03:51:47,54.7167,158.6167,158.6167,54.36,68,96,2.46
502,Mehamn,NO,2021-06-07 03:51:25,71.0357,27.8492,27.8492,42.98,58,0,4.63
503,Caninde,BR,2021-06-07 03:51:47,-4.3589,-39.3117,-39.3117,71.29,79,7,2.98
504,Atikokan,CA,2021-06-07 03:51:48,48.7555,-91.6216,-91.6216,63.14,90,100,4.88
505,Sai Buri,TH,2021-06-07 03:51:48,6.7013,101.6168,101.6168,89.82,58,100,6.8
506,Arucas,ES,2021-06-07 03:51:48,28.1198,-15.5233,-15.5233,65.17,80,100,9.26
507,Laguna,US,2021-06-07 03:51:49,38.421,-121.4238,-121.4238,82.22,41,1,5.99
508,Novobirilyussy,RU,2021-06-07 03:51:49,56.9514,90.6661,90.6661,57.79,92,100,9.73
509,Yanam,IN,2021-06-07 03:47:33,16.7333,82.2167,82.2167,88.2,50,28,5.17
510,Kikwit,CD,2021-06-07 03:51:50,-5.041,18.8162,18.8162,66.92,96,28,0.36
511,Shitanjing,CN,2021-06-07 03:51:50,39.2342,106.3439,106.3439,76.46,19,15,10.85
512,Wanning,CN,2021-06-07 03:51:50,18.8003,110.3967,110.3967,89.47,63,30,7.76
513,Dunedin,NZ,2021-06-07 03:48:32,-45.8742,170.5036,170.5036,51.8,74,69,13.0
514,Sosua,DO,2021-06-07 03:51:17,19.7667,-70.5167,-70.5167,78.71,83,20,11.5
515,Howard Springs,AU,2021-06-07 03:51:51,-12.497,131.047,131.047,87.82,55,10,1.81
516,Beloha,MG,2021-06-07 03:51:51,-25.1667,45.05,45.05,60.69,76,10,11.48
517,Sola,VU,2021-06-07 03:51:52,-13.8833,167.55,167.55,81.27,78,75,0.0
518,Fairmont,US,2021-06-07 03:51:52,39.4851,-80.1426,-80.1426,77.58,86,99,2.98
519,Upata,VE,2021-06-07 03:51:52,8.0086,-62.3989,-62.3989,70.21,96,63,5.03
520,Siilinjarvi,FI,2021-06-07 03:51:53,63.0833,27.6667,27.6667,55.42,58,0,7.47
521,Datong,CN,2021-06-07 03:45:57,40.0936,113.2914,113.2914,77.68,32,100,10.96
522,San Quintin,MX,2021-06-07 03:51:53,30.4833,-115.95,-115.95,68.43,78,33,6.71
523,Tachov,CZ,2021-06-07 03:51:54,49.7953,12.6337,12.6337,61.47,93,99,3.51
524,Antofagasta,CL,2021-06-07 03:51:54,-23.65,-70.4,-70.4,54.68,69,62,5.32
525,Kichera,RU,2021-06-07 03:51:54,55.9375,110.0997,110.0997,59.0,44,100,2.35
526,Raudeberg,NO,2021-06-07 03:51:44,61.9875,5.1352,5.1352,53.2,92,13,8.34
527,Mandera,KE,2021-06-07 03:46:56,3.9366,41.867,41.867,76.84,66,75,16.51
528,Waipawa,NZ,2021-06-07 03:46:15,-41.4122,175.5153,175.5153,54.45,77,91,11.03
529,Cascais,PT,2021-06-07 03:49:58,38.6979,-9.4215,-9.4215,62.26,70,0,20.0
530,Chimbarongo,CL,2021-06-07 03:51:55,-34.7,-71.05,-71.05,49.73,68,100,3.24
531,Rapid Valley,US,2021-06-07 03:51:55,44.0625,-103.1463,-103.1463,69.62,49,1,1.01
532,Mackay,AU,2021-06-07 03:51:56,-21.15,149.2,149.2,74.68,64,90,14.97
533,Matamoros,MX,2021-06-07 03:51:56,25.5333,-103.25,-103.25,88.11,19,0,1.9
534,Lagos,NG,2021-06-07 03:47:33,6.5833,3.75,3.75,77.32,95,99,3.06
535,Dabakala,CI,2021-06-07 03:51:57,8.3667,-4.4333,-4.4333,72.86,95,21,4.9
536,Viedma,AR,2021-06-07 03:42:37,-40.8135,-62.9967,-62.9967,50.0,45,100,14.32
537,Millinocket,US,2021-06-07 03:50:16,45.6573,-68.7098,-68.7098,77.02,85,90,3.44
538,Winburg,ZA,2021-06-07 03:51:57,-28.518,27.0093,27.0093,37.83,85,0,6.71
539,Dalvik,IS,2021-06-07 03:51:58,65.9702,-18.5286,-18.5286,48.13,79,76,10.11
540,Si Bun Ruang,TH,2021-06-07 03:51:58,16.9667,102.2833,102.2833,85.91,64,100,5.35
541,Majene,ID,2021-06-07 03:51:58,-3.5403,118.9707,118.9707,86.09,64,100,7.43
542,Thessalon,CA,2021-06-07 03:51:59,46.2501,-83.5666,-83.5666,75.69,87,0,6.08
543,Pasni,PK,2021-06-07 03:51:59,25.2631,63.471,63.471,84.52,69,51,6.78
544,Gazanjyk,TM,2021-06-07 03:51:59,39.2446,55.5154,55.5154,77.59,44,0,12.35
545,Mangrol,IN,2021-06-07 03:52:00,21.1167,70.1167,70.1167,86.86,63,30,10.09
546,Esperanza,DO,2021-06-07 03:52:00,19.5847,-70.9849,-70.9849,77.49,86,40,5.01
547,Bowen,AU,2021-06-07 03:52:00,-20.0167,148.2333,148.2333,73.62,64,94,16.2
548,Karasjok,NO,2021-06-07 03:52:01,69.4719,25.5112,25.5112,48.31,47,67,5.75
549,Deputatskiy,RU,2021-06-07 03:51:10,69.3,139.9,139.9,50.4,42,88,14.43
550,Oktyabrskiy,RU,2021-06-07 03:52:01,54.4815,53.471,53.471,66.15,60,1,0.67
551,Caravelas,BR,2021-06-07 03:46:35,-17.7125,-39.2481,-39.2481,71.92,85,42,3.51
