City_ID,City,Lat,Lng,Max Temp,Humidity,Cloudiness,Wind Speed,Country,Current Description,Date
0,Krasnotorka,48.682,37.5327,58.53,87,29,7.29,UA,scattered clouds,2021-06-07 04:20:37
1,Sterling,39.0062,-77.4286,80.6,79,90,4.61,US,overcast clouds,2021-06-07 04:18:00
2,Hilo,19.7297,-155.09,77.29,78,90,4.61,US,heavy intensity rain,2021-06-07 04:20:37
3,Butaritari,3.0707,172.7902,82.94,72,23,7.87,KI,light rain,2021-06-07 04:20:37
4,Wewak,-3.5534,143.6268,81.66,78,100,4.5,PG,overcast clouds,2021-06-07 04:20:38
5,Ushuaia,-54.8,-68.3,44.26,61,40,0.0,AR,scattered clouds,2021-06-07 04:20:38
6,Albany,42.6001,-73.9662,72.16,78,15,3.76,US,few clouds,2021-06-07 04:17:14
7,Rikitea,-23.1203,-134.9692,76.53,85,100,15.95,PF,light rain,2021-06-07 04:20:39
8,Atuona,-9.8,-139.0333,80.22,66,6,10.98,PF,clear sky,2021-06-07 04:20:39
9,Longyearbyen,78.2186,15.6401,35.44,80,75,2.3,SJ,broken clouds,2021-06-07 04:20:39
10,Tuktoyaktuk,69.4541,-133.0374,35.6,80,40,12.66,CA,scattered clouds,2021-06-07 04:20:40
11,Mataura,-46.1927,168.8643,49.48,76,0,2.82,NZ,clear sky,2021-06-07 04:20:40
12,Ramotswa,-24.8716,25.8699,46.02,91,0,3.65,BW,clear sky,2021-06-07 04:20:40
13,Yellowknife,62.456,-114.3525,46.92,71,75,4.0,CA,broken clouds,2021-06-07 04:20:41
14,Punta Arenas,-53.15,-70.9167,35.71,87,0,10.47,CL,clear sky,2021-06-07 04:20:41
15,Gilgit,35.9221,74.3087,82.72,18,0,2.51,PK,clear sky,2021-06-07 04:20:41
16,Hermanus,-34.4187,19.2345,54.81,48,2,11.97,ZA,clear sky,2021-06-07 04:20:42
17,Saint-Philippe,-21.3585,55.7679,71.15,83,97,17.4,RE,light rain,2021-06-07 04:20:42
18,Fortuna,40.5982,-124.1573,55.33,86,20,8.05,US,few clouds,2021-06-07 04:20:43
19,Bluffton,32.2371,-80.8604,80.62,90,40,8.59,US,scattered clouds,2021-06-07 04:20:43
20,Fujieda,34.8667,138.2667,82.87,67,75,5.75,JP,broken clouds,2021-06-07 04:20:43
21,Ponta Do Sol,32.6667,-17.1,66.83,78,12,5.39,PT,few clouds,2021-06-07 04:20:44
22,Port Alfred,-33.5906,26.891,62.11,36,0,8.59,ZA,clear sky,2021-06-07 04:20:44
23,Mahebourg,-20.4081,57.7,76.24,78,75,9.22,MU,light rain,2021-06-07 04:20:44
24,Cody,44.5263,-109.0565,66.49,42,1,0.0,US,clear sky,2021-06-07 04:20:45
25,Hithadhoo,-0.6,73.0833,83.34,72,24,12.24,MV,few clouds,2021-06-07 04:18:53
26,Ust-Kulom,61.6864,53.6902,51.69,47,98,10.22,RU,overcast clouds,2021-06-07 04:20:45
27,Bethel,41.3712,-73.414,77.29,77,20,0.0,US,few clouds,2021-06-07 04:20:45
28,Lebu,-37.6167,-73.65,47.43,82,98,7.61,CL,overcast clouds,2021-06-07 04:20:46
29,Katherine,-14.4667,132.2667,84.52,45,75,5.3,AU,broken clouds,2021-06-07 04:20:46
30,San Cristobal,7.7669,-72.225,65.71,98,100,2.82,VE,overcast clouds,2021-06-07 04:20:46
31,Joshimath,30.5667,79.5667,76.33,50,24,6.11,IN,few clouds,2021-06-07 04:20:47
32,Hobart,-42.8794,147.3294,64.26,48,75,11.01,AU,broken clouds,2021-06-07 04:20:21
33,Lompoc,34.6391,-120.4579,60.39,87,90,7.02,US,overcast clouds,2021-06-07 04:20:47
34,Cape Town,-33.9258,18.4232,66.61,37,0,10.0,ZA,clear sky,2021-06-07 04:17:57
35,Mahibadhoo,3.7833,72.9667,83.39,70,75,15.28,MV,broken clouds,2021-06-07 04:20:48
36,Esperance,-33.8667,121.9,55.24,58,87,26.04,AU,overcast clouds,2021-06-07 04:20:48
37,Eyl,7.9803,49.8164,81.21,73,2,23.06,SO,clear sky,2021-06-07 04:20:48
38,Charlestown,-32.95,151.6667,67.82,47,91,4.0,AU,overcast clouds,2021-06-07 04:20:49
39,Okahandja,-21.9833,16.9167,48.83,67,2,11.97,NA,clear sky,2021-06-07 04:20:49
40,Zeya,53.75,127.2667,84.47,22,20,6.73,RU,few clouds,2021-06-07 04:20:50
41,Aksarka,66.5606,67.7975,42.94,45,11,5.88,RU,few clouds,2021-06-07 04:20:50
42,Kruisfontein,-34.0033,24.7314,56.26,30,0,9.71,ZA,clear sky,2021-06-07 04:20:50
43,Saint-Pierre,-21.3393,55.4781,71.24,88,90,21.85,RE,mist,2021-06-07 04:20:51
44,Upernavik,72.7868,-56.1549,34.3,82,19,5.77,GL,few clouds,2021-06-07 04:20:51
45,Belaya Gora,68.5333,146.4167,51.21,48,28,5.21,RU,scattered clouds,2021-06-07 04:20:51
46,Lincoln,40.8,-96.667,75.27,79,1,1.99,US,clear sky,2021-06-07 04:18:43
47,Vaini,-21.2,-175.2,71.76,100,90,5.75,TO,light rain,2021-06-07 04:20:52
48,Puerto Ayora,-0.7393,-90.3518,72.55,98,24,9.19,EC,few clouds,2021-06-07 04:20:52
49,Bolivar,37.6145,-93.4105,70.9,95,84,7.45,US,broken clouds,2021-06-07 04:20:53
50,Dzaoudzi,-12.7887,45.2699,78.69,78,75,17.27,YT,light rain,2021-06-07 04:20:53
51,Vardo,70.3705,31.1107,43.0,72,7,7.02,NO,clear sky,2021-06-07 04:20:53
52,Isabela,6.7085,121.9711,87.85,66,66,2.89,PH,broken clouds,2021-06-07 04:20:54
53,Guerrero Negro,27.9769,-114.0611,62.69,78,92,14.99,MX,overcast clouds,2021-06-07 04:20:54
54,Uherske Hradiste,49.0698,17.4597,63.19,84,9,3.74,CZ,clear sky,2021-06-07 04:20:54
55,Khatanga,71.9667,102.5,38.26,64,97,11.48,RU,overcast clouds,2021-06-07 04:20:55
56,Pangnirtung,66.1451,-65.7125,29.48,89,96,3.44,CA,overcast clouds,2021-06-07 04:20:55
57,Tura,25.5198,90.2201,84.15,71,35,6.55,IN,scattered clouds,2021-06-07 04:20:55
58,Karasburg,-28.0167,18.75,54.25,40,0,23.38,NA,clear sky,2021-06-07 04:20:56
59,Sawakin,19.1059,37.3321,85.17,48,45,4.16,SD,scattered clouds,2021-06-07 04:20:56
60,Angoche,-16.2325,39.9086,72.34,73,96,11.01,MZ,overcast clouds,2021-06-07 04:20:56
61,Udachnyy,66.4167,112.4,43.39,75,79,25.14,RU,light rain,2021-06-07 04:20:57
62,Avarua,-21.2078,-159.775,71.65,78,94,2.3,CK,light rain,2021-06-07 04:20:57
63,Hofn,64.2539,-15.2082,47.01,97,100,12.21,IS,light rain,2021-06-07 04:20:57
64,Ostersund,63.1792,14.6357,54.61,100,0,6.91,SE,clear sky,2021-06-07 04:20:58
65,Saint-Augustin,51.226,-58.6502,46.98,80,100,8.93,CA,overcast clouds,2021-06-07 04:20:58
66,Chunskiy,56.0815,99.6342,56.89,71,81,8.32,RU,light rain,2021-06-07 04:20:58
67,Carnarvon,-24.8667,113.6333,77.07,47,100,10.36,AU,overcast clouds,2021-06-07 04:20:59
68,Saskylakh,71.9167,114.0833,44.83,42,99,7.11,RU,overcast clouds,2021-06-07 04:20:59
69,El Alto,-4.2714,-81.2147,65.37,85,96,13.56,PE,overcast clouds,2021-06-07 04:20:59
70,Hay River,60.8156,-115.7999,44.58,76,75,3.44,CA,broken clouds,2021-06-07 04:21:00
71,Ilulissat,69.2167,-51.1,37.42,81,0,0.0,GL,clear sky,2021-06-07 04:21:00
72,East London,-33.0153,27.9116,63.54,36,0,8.05,ZA,clear sky,2021-06-07 04:21:00
73,Castro,-24.7911,-50.0119,57.02,92,100,6.26,BR,heavy intensity rain,2021-06-07 04:21:01
74,Komsomolskiy,40.4272,71.7189,90.82,28,81,2.3,UZ,broken clouds,2021-06-07 04:18:15
75,Nanga Eboko,4.6833,12.3667,65.53,99,99,0.38,CM,overcast clouds,2021-06-07 04:21:01
76,Abu Dhabi,24.4667,54.3667,91.51,62,0,11.05,AE,clear sky,2021-06-07 04:18:01
77,Busselton,-33.65,115.3333,61.05,59,51,9.46,AU,broken clouds,2021-06-07 04:21:02
78,Altamont,42.2068,-121.7372,53.44,37,1,12.66,US,clear sky,2021-06-07 04:21:02
79,Kaitangata,-46.2817,169.8464,54.93,78,0,8.5,NZ,clear sky,2021-06-07 04:21:03
80,Airai,-8.9266,125.4092,74.46,44,98,2.89,TL,overcast clouds,2021-06-07 04:18:45
81,Bredasdorp,-34.5322,20.0403,61.92,39,4,8.25,ZA,clear sky,2021-06-07 04:21:03
82,Kapaa,22.0752,-159.319,84.18,71,40,4.0,US,scattered clouds,2021-06-07 04:21:03
83,Opuwo,-18.0607,13.84,53.74,52,2,6.55,NA,clear sky,2021-06-07 04:21:04
84,Poya,-21.35,165.15,74.05,56,80,10.49,NC,broken clouds,2021-06-07 04:21:04
85,New Norfolk,-42.7826,147.0587,63.91,50,100,5.01,AU,overcast clouds,2021-06-07 04:21:05
86,Jamestown,42.097,-79.2353,70.34,78,1,9.22,US,clear sky,2021-06-07 04:17:30
87,Tecolutla,20.4833,-97.0167,81.3,87,78,11.63,MX,broken clouds,2021-06-07 04:21:05
88,Kargalinskaya,43.7417,46.4792,62.17,84,100,8.55,RU,overcast clouds,2021-06-07 04:21:05
89,Asyut,27.181,31.1837,70.74,48,97,10.58,EG,overcast clouds,2021-06-07 04:21:06
90,Cabo San Lucas,22.8909,-109.9124,87.8,62,11,11.41,MX,few clouds,2021-06-07 04:21:06
91,La Orilla,17.9833,-102.2333,80.85,79,97,4.21,MX,overcast clouds,2021-06-07 04:21:06
92,Davidson,36.1501,-86.7833,72.39,87,90,3.44,US,overcast clouds,2021-06-07 04:21:07
93,Georgetown,5.4112,100.3354,87.89,71,20,4.61,MY,few clouds,2021-06-07 04:21:07
94,Buckie,57.6757,-2.9624,50.32,90,96,8.08,GB,overcast clouds,2021-06-07 04:21:07
95,Puerto Del Rosario,28.5004,-13.8627,69.55,73,100,13.8,ES,overcast clouds,2021-06-07 04:21:08
96,Cabedelo,-6.9811,-34.8339,75.87,86,23,10.27,BR,few clouds,2021-06-07 04:21:08
97,Luderitz,-26.6481,15.1594,64.8,36,1,8.61,NA,clear sky,2021-06-07 04:17:38
98,Sitka,57.0531,-135.33,53.49,66,75,4.61,US,broken clouds,2021-06-07 04:21:09
99,Jumla,29.2747,82.1838,69.42,55,1,5.73,NP,clear sky,2021-06-07 04:21:09
100,Peto,20.1333,-88.9167,79.57,76,66,6.26,MX,broken clouds,2021-06-07 04:21:09
101,Cidreira,-30.1811,-50.2056,62.29,78,91,13.02,BR,overcast clouds,2021-06-07 04:21:10
102,Shimoda,34.6667,138.95,73.76,84,100,3.89,JP,overcast clouds,2021-06-07 04:21:10
103,Harrisonville,38.6533,-94.3488,73.81,86,1,4.61,US,clear sky,2021-06-07 04:21:10
104,Waingapu,-9.6567,120.2641,85.01,65,88,13.27,ID,overcast clouds,2021-06-07 04:21:11
105,Mojo,8.6,39.1167,63.95,74,49,3.33,ET,scattered clouds,2021-06-07 04:21:11
106,Souillac,-20.5167,57.5167,76.35,78,75,18.34,MU,light rain,2021-06-07 04:21:11
107,Emerald,-23.5333,148.1667,75.34,33,0,8.05,AU,clear sky,2021-06-07 04:21:12
108,Alwar Tirunagari,8.6,77.95,89.82,58,20,4.45,IN,few clouds,2021-06-07 04:21:12
109,Dikson,73.5069,80.5464,30.06,94,100,13.02,RU,light snow,2021-06-07 04:21:12
110,Gweru,-19.45,29.8167,46.35,91,81,12.77,ZW,broken clouds,2021-06-07 04:21:13
111,Tiksi,71.6872,128.8694,42.22,70,100,5.44,RU,overcast clouds,2021-06-07 04:21:13
112,Kamaishi,39.2667,141.8833,81.55,55,86,7.9,JP,overcast clouds,2021-06-07 04:21:13
113,College,64.8569,-147.8028,70.12,43,40,8.05,US,scattered clouds,2021-06-07 04:21:14
114,Severo-Kurilsk,50.6789,156.125,43.81,92,100,14.32,RU,light rain,2021-06-07 04:21:14
115,Port Hedland,-20.3167,118.5667,87.85,19,46,16.11,AU,scattered clouds,2021-06-07 04:21:14
116,Turayf,31.6725,38.6637,70.05,32,0,16.11,SA,clear sky,2021-06-07 04:21:15
117,Anapskaya,44.89,37.38,62.83,87,75,15.28,RU,broken clouds,2021-06-07 04:21:15
118,Fuzhou,26.0614,119.3061,76.89,41,45,3.91,CN,scattered clouds,2021-06-07 04:21:15
119,Rio Gallegos,-51.6226,-69.2181,37.45,87,0,4.61,AR,clear sky,2021-06-07 04:21:16
120,Sfantu Gheorghe,45.8667,25.7833,56.26,87,14,1.12,RO,few clouds,2021-06-07 04:21:16
121,Grindavik,63.8424,-22.4338,48.15,93,75,6.69,IS,broken clouds,2021-06-07 04:21:16
122,Tuatapere,-46.1333,167.6833,49.82,79,6,3.33,NZ,clear sky,2021-06-07 04:21:17
123,Gualeguay,-33.1416,-59.3097,44.13,90,41,7.02,AR,scattered clouds,2021-06-07 04:21:17
124,Camacha,33.0833,-16.3333,63.36,77,40,12.66,PT,scattered clouds,2021-06-07 04:21:17
125,Nambucca Heads,-30.65,153.0,70.16,58,10,6.89,AU,clear sky,2021-06-07 04:21:18
126,Iquique,-20.2208,-70.1431,60.84,78,98,1.48,CL,overcast clouds,2021-06-07 04:17:05
127,Ostrovnoy,68.0531,39.5131,39.94,72,32,5.48,RU,scattered clouds,2021-06-07 04:21:18
128,Port Elizabeth,-33.918,25.5701,52.09,46,0,2.3,ZA,clear sky,2021-06-07 04:20:06
129,Lagoa,39.05,-27.9833,63.57,90,100,13.15,PT,overcast clouds,2021-06-07 04:21:19
130,Bluff,-46.6,168.3333,49.8,73,7,7.23,NZ,clear sky,2021-06-07 04:21:19
131,Sioux Lookout,50.1001,-91.917,68.38,56,1,8.05,CA,clear sky,2021-06-07 04:21:20
132,Daitari,21.1,85.75,93.54,42,82,7.27,IN,broken clouds,2021-06-07 04:21:20
133,Barrow,71.2906,-156.7887,32.02,86,90,13.8,US,overcast clouds,2021-06-07 04:21:20
134,Luganville,-15.5333,167.1667,77.23,80,100,10.47,VU,overcast clouds,2021-06-07 04:21:21
135,Caucasia,7.9865,-75.1935,75.76,93,100,2.33,CO,overcast clouds,2021-06-07 04:21:21
136,Talnakh,69.4865,88.3972,32.65,94,100,6.02,RU,light snow,2021-06-07 04:21:21
137,Port Keats,-14.25,129.55,85.5,29,6,7.65,AU,clear sky,2021-06-07 04:21:22
138,Labuhan,-6.8844,112.2051,87.35,61,91,2.19,ID,overcast clouds,2021-06-07 04:21:22
139,Bafq,31.6128,55.4107,96.13,7,0,6.2,IR,clear sky,2021-06-07 04:21:23
140,Muros,42.7762,-9.0603,59.23,89,74,7.92,ES,broken clouds,2021-06-07 04:21:23
141,Mubi,10.2676,13.2644,76.96,68,98,6.02,NG,light rain,2021-06-07 04:21:24
142,Aseri,59.4506,26.8675,57.18,87,46,4.74,EE,scattered clouds,2021-06-07 04:21:24
143,Port Hardy,50.6996,-127.4199,51.98,82,75,0.0,CA,broken clouds,2021-06-07 04:21:24
144,Vendome,47.8,1.0667,57.49,89,74,4.92,FR,broken clouds,2021-06-07 04:21:25
145,Galveston,29.3669,-94.9669,82.51,89,20,1.99,US,few clouds,2021-06-07 04:21:25
146,Bambous Virieux,-20.3428,57.7575,76.21,78,75,18.37,MU,light rain,2021-06-07 04:21:26
147,Ayan,56.45,138.1667,42.53,89,93,4.54,RU,overcast clouds,2021-06-07 04:21:26
148,Verkh-Usugli,52.7,115.1667,79.74,30,99,3.56,RU,overcast clouds,2021-06-07 04:21:26
149,Porto Belo,-27.1578,-48.5531,68.97,94,100,9.08,BR,moderate rain,2021-06-07 04:21:27
150,Doctor Arroyo,23.6667,-100.1833,72.86,56,53,3.18,MX,broken clouds,2021-06-07 04:21:27
151,Hobyo,5.3505,48.5268,79.11,81,4,19.82,SO,clear sky,2021-06-07 04:21:27
152,Aksay,47.26,39.87,62.82,80,99,10.25,RU,overcast clouds,2021-06-07 04:21:28
153,Dunedin,-45.8742,170.5036,51.8,75,69,14.0,NZ,broken clouds,2021-06-07 04:21:28
154,Liuzhou,24.3126,109.3892,88.81,53,53,1.86,CN,broken clouds,2021-06-07 04:21:28
155,Nyzhnya Duvanka,49.5846,38.1743,58.77,88,27,7.07,UA,scattered clouds,2021-06-07 04:21:29
156,Kulhudhuffushi,6.6221,73.07,82.18,77,81,15.28,MV,broken clouds,2021-06-07 04:21:29
157,Fairbanks,64.8378,-147.7164,70.14,43,1,5.75,US,clear sky,2021-06-07 04:21:29
158,Amalapuram,16.5833,82.0167,89.98,51,29,6.35,IN,scattered clouds,2021-06-07 04:21:30
159,Coquimbo,-29.9533,-71.3436,55.13,82,90,2.66,CL,overcast clouds,2021-06-07 04:21:30
160,Pevek,69.7008,170.3133,50.94,59,4,15.23,RU,clear sky,2021-06-07 04:21:30
161,Qaanaaq,77.484,-69.3632,38.55,73,40,6.17,GL,scattered clouds,2021-06-07 04:21:31
162,Aleppo,36.25,37.5,69.15,50,0,10.22,SY,clear sky,2021-06-07 04:21:31
163,Itarema,-2.9248,-39.9167,75.92,87,12,7.92,BR,few clouds,2021-06-07 04:21:31
164,Champerico,14.3,-91.9167,83.35,75,25,3.36,GT,scattered clouds,2021-06-07 04:21:32
165,Te Anau,-45.4167,167.7167,46.8,83,0,0.69,NZ,clear sky,2021-06-07 04:21:32
166,Hasaki,35.7333,140.8333,79.09,79,100,2.04,JP,light rain,2021-06-07 04:21:32
167,Naze,28.3667,129.4833,77.92,93,100,8.01,JP,light rain,2021-06-07 04:21:33
168,Almazar,40.3217,69.0106,89.31,21,66,19.33,UZ,broken clouds,2021-06-07 04:21:33
169,Boa Vista,2.8197,-60.6733,80.58,78,40,6.91,BR,scattered clouds,2021-06-07 04:21:34
170,Chokurdakh,70.6333,147.9167,46.04,50,44,6.11,RU,scattered clouds,2021-06-07 04:21:34
171,Yulara,-25.2406,130.9889,69.64,26,56,6.91,AU,broken clouds,2021-06-07 04:21:34
172,Beaumont,30.0861,-94.1019,80.58,92,1,6.51,US,clear sky,2021-06-07 04:21:35
173,Codrington,-38.2667,141.9667,65.46,47,100,25.41,AU,overcast clouds,2021-06-07 04:21:35
174,Flinders,-34.5833,150.8552,70.18,58,99,4.0,AU,overcast clouds,2021-06-07 04:21:35
175,Batagay-Alyta,67.8006,130.4114,50.36,57,100,9.37,RU,light rain,2021-06-07 04:21:36
176,Katastarion,37.8333,20.7667,73.58,82,0,0.89,GR,clear sky,2021-06-07 04:21:36
177,Anloga,5.7947,0.8973,80.35,81,63,7.67,GH,light rain,2021-06-07 04:21:37
178,Aklavik,68.2191,-135.0107,45.32,41,11,9.1,CA,few clouds,2021-06-07 04:21:37
179,Thompson,55.7435,-97.8558,53.76,87,90,10.36,CA,overcast clouds,2021-06-07 04:17:43
180,Kristianstad,56.0313,14.1524,59.14,67,6,7.52,SE,clear sky,2021-06-07 04:21:37
181,Mount Gambier,-37.8333,140.7667,64.31,55,100,19.57,AU,overcast clouds,2021-06-07 04:21:38
182,Vanino,49.0869,140.2543,55.18,66,88,6.42,RU,overcast clouds,2021-06-07 04:21:38
183,De Aar,-30.6497,24.0123,40.78,49,0,7.54,ZA,clear sky,2021-06-07 04:21:39
184,Ust-Ilimsk,58.0006,102.6619,53.38,78,90,12.5,RU,overcast clouds,2021-06-07 04:21:39
185,Ginda,30.6945,78.4932,78.8,36,3,4.29,IN,clear sky,2021-06-07 04:21:40
186,Puerto Madryn,-42.7692,-65.0385,48.36,56,68,20.27,AR,broken clouds,2021-06-07 04:21:40
187,Castelo Branco,39.8222,-7.4909,61.79,60,0,2.13,PT,clear sky,2021-06-07 04:21:40
188,Constitucion,-35.3333,-72.4167,52.12,63,100,4.81,CL,light rain,2021-06-07 04:21:36
189,Bereda,43.2686,-7.5406,53.91,96,86,3.62,ES,overcast clouds,2021-06-07 04:21:41
190,Srednekolymsk,67.45,153.6833,51.93,53,95,12.91,RU,overcast clouds,2021-06-07 04:21:41
191,Tasiilaq,65.6145,-37.6368,42.96,90,97,2.91,GL,overcast clouds,2021-06-07 04:21:42
192,Manubul,5.4732,120.7986,84.33,69,80,3.76,PH,light rain,2021-06-07 04:21:42
193,Los Llanos De Aridane,28.6585,-17.9182,64.15,84,90,12.1,ES,overcast clouds,2021-06-07 04:18:17
194,Margate,51.3813,1.3862,59.04,90,16,1.01,GB,few clouds,2021-06-07 04:21:43
195,Te Horo,-40.8084,175.1233,60.85,76,99,1.99,NZ,overcast clouds,2021-06-07 04:21:43
196,Songjianghe,42.1859,127.479,68.0,37,13,6.15,CN,few clouds,2021-06-07 04:21:43
197,Pisco,-13.7,-76.2167,62.65,88,90,1.14,PE,overcast clouds,2021-06-07 04:21:44
198,Krasnoselkup,65.7,82.4667,38.57,63,95,11.48,RU,overcast clouds,2021-06-07 04:21:44
199,Coahuayana,18.7333,-103.6833,78.87,78,58,0.31,MX,broken clouds,2021-06-07 04:21:44
200,Markova,48.6758,24.4138,54.63,89,20,4.07,UA,few clouds,2021-06-07 04:21:45
201,Phanom Sarakham,13.7479,101.3553,92.32,49,100,13.78,TH,overcast clouds,2021-06-07 04:21:45
202,Morant Bay,17.8815,-76.4093,82.02,85,4,10.58,JM,clear sky,2021-06-07 04:21:45
203,Batemans Bay,-35.7167,150.1833,70.11,46,85,6.24,AU,overcast clouds,2021-06-07 04:21:46
204,Usinsk,65.9939,57.5281,39.36,58,97,15.48,RU,overcast clouds,2021-06-07 04:21:46
205,Kloulklubed,7.0419,134.2556,79.3,80,100,6.42,PW,light rain,2021-06-07 04:21:47
206,Banda Aceh,5.5577,95.3222,85.59,63,99,10.27,ID,overcast clouds,2021-06-07 04:21:47
207,Zhob,31.3411,69.4481,85.91,34,0,1.95,PK,clear sky,2021-06-07 04:21:47
208,Broome,42.2506,-75.833,72.54,78,53,2.98,US,broken clouds,2021-06-07 04:21:48
209,Vila Franca Do Campo,37.7167,-25.4333,63.01,89,99,3.47,PT,overcast clouds,2021-06-07 04:21:48
210,Grand Gaube,-20.0064,57.6608,76.37,78,14,3.0,MU,few clouds,2021-06-07 04:21:48
211,Andros Town,24.7,-77.7667,78.76,79,63,16.44,BS,broken clouds,2021-06-07 04:21:49
212,Ngorongoro,-3.2397,35.4875,47.19,93,62,6.76,TZ,broken clouds,2021-06-07 04:21:49
213,Geraldton,-28.7667,114.6,66.61,55,100,17.65,AU,overcast clouds,2021-06-07 04:21:49
214,Ndioum,16.5129,-14.6471,91.56,19,12,5.35,SN,few clouds,2021-06-07 04:21:50
215,Askos,40.75,23.3833,67.41,80,100,2.24,GR,overcast clouds,2021-06-07 04:21:50
216,Taree,-31.9,152.4667,68.58,52,56,10.36,AU,broken clouds,2021-06-07 04:21:51
217,Lavrentiya,65.5833,-171.0,34.74,85,89,6.02,RU,overcast clouds,2021-06-07 04:21:51
218,Ahtopol,42.1,27.95,57.67,86,65,3.71,BG,broken clouds,2021-06-07 04:21:52
219,Nabire,-3.3667,135.4833,81.41,83,85,2.26,ID,overcast clouds,2021-06-07 04:21:52
220,Khorol,49.7837,33.2783,55.47,95,99,5.75,UA,overcast clouds,2021-06-07 04:21:52
221,Tiarei,-17.5333,-149.3333,80.62,72,14,8.48,PF,few clouds,2021-06-07 04:21:53
222,Adeje,28.1227,-16.726,64.51,70,20,2.95,ES,few clouds,2021-06-07 04:21:53
223,Rocha,-34.4833,-54.3333,45.72,89,97,3.18,UY,overcast clouds,2021-06-07 04:21:53
224,Sayyan,15.1718,44.3244,67.68,35,16,3.65,YE,few clouds,2021-06-07 04:21:54
225,Saint Anthony,45.0205,-93.218,84.22,51,1,10.11,US,clear sky,2021-06-07 04:21:54
226,Nome,64.5011,-165.4064,35.67,80,90,9.22,US,overcast clouds,2021-06-07 04:21:54
227,Yadrin,55.9405,46.2062,63.57,83,11,3.13,RU,few clouds,2021-06-07 04:21:55
228,General Pico,-35.6566,-63.7568,48.22,51,98,11.05,AR,overcast clouds,2021-06-07 04:21:55
229,Haines Junction,60.7522,-137.5108,48.15,93,100,1.14,CA,light rain,2021-06-07 04:21:56
230,Peniche,39.3558,-9.3811,60.89,86,0,15.5,PT,clear sky,2021-06-07 04:21:56
231,Kavieng,-2.5744,150.7967,83.32,71,14,5.32,PG,light rain,2021-06-07 04:21:56
232,Dabakala,8.3667,-4.4333,72.86,95,21,4.9,CI,few clouds,2021-06-07 04:21:57
233,Dingle,10.9995,122.6711,87.33,62,100,5.32,PH,overcast clouds,2021-06-07 04:21:57
234,Catuday,16.2923,119.8062,85.1,69,100,12.8,PH,overcast clouds,2021-06-07 04:21:57
235,Brae,60.3964,-1.353,42.71,78,97,2.19,GB,overcast clouds,2021-06-07 04:21:58
236,Bretigny-Sur-Orge,48.6114,2.3059,57.81,91,0,4.47,FR,clear sky,2021-06-07 04:21:58
237,Hamilton,39.1834,-84.5333,72.79,92,1,6.2,US,clear sky,2021-06-07 04:19:03
238,Sambava,-14.2667,50.1667,72.95,82,41,13.38,MG,scattered clouds,2021-06-07 04:21:59
239,Jalu,29.0331,21.5482,71.2,36,0,9.1,LY,clear sky,2021-06-07 04:21:59
240,Rio Claro,-22.4114,-47.5614,57.79,77,17,1.99,BR,few clouds,2021-06-07 04:21:59
241,Ratangarh,28.0833,74.6,97.14,29,0,19.57,IN,clear sky,2021-06-07 04:22:00
242,Luanda,-8.8368,13.2343,77.0,83,75,3.44,AO,broken clouds,2021-06-07 04:22:00
243,Cap Malheureux,-19.9842,57.6142,76.46,78,12,3.0,MU,few clouds,2021-06-07 04:22:00
244,Iganga,0.6092,33.4686,63.75,91,49,2.3,UG,scattered clouds,2021-06-07 04:22:01
245,Alvorada,-12.48,-49.1247,72.64,56,99,3.76,BR,overcast clouds,2021-06-07 04:22:01
246,Nanortalik,60.1432,-45.2371,42.28,76,100,7.49,GL,overcast clouds,2021-06-07 04:22:02
247,Kharod,21.75,82.5667,99.88,30,5,13.0,IN,clear sky,2021-06-07 04:22:02
248,Kahului,20.8947,-156.47,80.62,71,40,17.27,US,scattered clouds,2021-06-07 04:22:02
249,Taoudenni,22.6783,-3.9836,97.07,10,36,2.95,ML,scattered clouds,2021-06-07 04:22:03
250,Coihaique,-45.5752,-72.0662,42.75,87,75,3.44,CL,light rain,2021-06-07 04:22:03
251,Roma,43.2128,-75.4557,73.89,84,1,0.0,US,clear sky,2021-06-07 04:19:42
252,Belmonte,-15.8631,-38.8828,72.1,88,41,5.44,BR,scattered clouds,2021-06-07 04:22:03
253,Morehead,37.2711,-87.1764,71.83,94,90,0.0,US,overcast clouds,2021-06-07 04:22:04
254,Jinchang,38.4953,102.1739,73.42,24,0,8.68,CN,clear sky,2021-06-07 04:22:04
255,Lac Du Bonnet,50.2536,-96.0612,64.58,74,11,6.22,CA,few clouds,2021-06-07 04:22:04
256,Awbari,26.5921,12.7805,78.01,20,53,7.11,LY,broken clouds,2021-06-07 04:22:05
257,Pahalgam,34.0333,75.3333,66.45,37,0,3.15,IN,clear sky,2021-06-07 04:22:05
258,Katsuura,35.1333,140.3,77.04,82,98,4.52,JP,overcast clouds,2021-06-07 04:22:05
259,Pangody,65.85,74.4859,42.78,45,41,12.73,RU,scattered clouds,2021-06-07 04:22:06
260,Candelaria,13.9311,121.4233,87.39,53,100,3.67,PH,overcast clouds,2021-06-07 04:22:06
261,Coracora,-15.0333,-73.7833,44.49,39,6,3.31,PE,clear sky,2021-06-07 04:22:07
262,Bell Ville,-32.6259,-62.6887,44.67,72,100,5.91,AR,overcast clouds,2021-06-07 04:22:07
263,Carrickfergus,54.7158,-5.8058,51.76,93,100,3.62,GB,overcast clouds,2021-06-07 04:22:07
264,Ixtapa,20.7,-105.2,82.22,78,1,0.0,MX,clear sky,2021-06-07 04:18:54
265,Paoua,7.2427,16.4406,67.95,89,86,3.65,CF,overcast clouds,2021-06-07 04:22:08
266,Sinnamary,5.3833,-52.95,76.57,89,100,5.41,GF,overcast clouds,2021-06-07 04:22:08
267,Maarianhamina,60.0973,19.9348,60.66,82,0,0.0,AX,clear sky,2021-06-07 04:22:09
268,Lisakovsk,52.5369,62.4936,69.85,29,99,3.2,KZ,overcast clouds,2021-06-07 04:22:09
269,Sangar,63.9242,127.4739,45.46,88,100,3.0,RU,overcast clouds,2021-06-07 04:22:09
270,Noumea,-22.2763,166.4572,73.38,99,61,10.4,NC,broken clouds,2021-06-07 04:22:10
271,Campbell River,50.0163,-125.2446,51.33,79,75,4.61,CA,broken clouds,2021-06-07 04:22:10
272,Tchibanga,-2.85,11.0333,70.45,98,89,0.45,GA,overcast clouds,2021-06-07 04:22:10
273,Manturovo,58.3353,44.7619,67.05,62,1,1.9,RU,clear sky,2021-06-07 04:22:11
274,Alofi,-19.0595,-169.9187,78.69,69,8,5.75,NU,clear sky,2021-06-07 04:22:11
275,Ahmadpur,18.7,76.9333,86.68,52,28,10.18,IN,scattered clouds,2021-06-07 04:22:11
276,Tarija,-21.5355,-64.7296,52.99,65,52,0.87,BO,broken clouds,2021-06-07 04:22:12
277,New Port Richey,28.2442,-82.7193,82.98,85,100,1.99,US,overcast clouds,2021-06-07 04:22:12
278,Sur,22.5667,59.5289,86.99,66,0,10.33,OM,clear sky,2021-06-07 04:22:12
279,Artyom,40.4723,50.333,73.54,74,0,1.5,AZ,clear sky,2021-06-07 04:22:13
280,Lazaro Cardenas,17.9583,-102.2,81.32,79,92,4.38,MX,overcast clouds,2021-06-07 04:22:13
281,San Quintin,30.4833,-115.95,68.43,78,33,6.71,MX,scattered clouds,2021-06-07 04:22:13
282,Acapulco,16.8634,-99.8901,83.16,80,100,8.25,MX,overcast clouds,2021-06-07 04:17:56
283,Grenville,12.1167,-61.6167,80.65,81,39,18.48,GD,scattered clouds,2021-06-07 04:22:14
284,Maltahohe,-24.8333,16.9833,45.97,53,2,8.79,NA,clear sky,2021-06-07 04:22:14
285,Arraial Do Cabo,-22.9661,-42.0278,71.78,87,20,6.71,BR,few clouds,2021-06-07 04:22:14
286,Faanui,-16.4833,-151.75,81.28,76,31,11.07,PF,scattered clouds,2021-06-07 04:22:15
287,Shache,38.4167,77.2406,87.35,15,100,5.55,CN,overcast clouds,2021-06-07 04:22:15
288,Acarau,-2.8856,-40.12,76.44,86,9,7.7,BR,clear sky,2021-06-07 04:22:15
289,Teguise,29.0605,-13.564,64.62,77,0,15.05,ES,clear sky,2021-06-07 04:22:16
290,Nikolskoye,59.7035,30.7861,64.8,71,87,2.8,RU,overcast clouds,2021-06-07 04:22:16
291,Slave Lake,55.2834,-114.769,55.38,67,1,0.0,CA,clear sky,2021-06-07 04:22:16
292,Laguna,38.421,-121.4238,79.18,44,1,5.99,US,clear sky,2021-06-07 04:22:17
293,Novichikha,52.204,81.3877,71.02,46,0,8.77,RU,clear sky,2021-06-07 04:22:17
294,Chicama,-7.8447,-79.1469,64.62,88,98,4.92,PE,overcast clouds,2021-06-07 04:22:18
295,Port Hawkesbury,45.6169,-61.3485,51.58,89,1,2.3,CA,clear sky,2021-06-07 04:22:18
296,Gigmoto,13.7796,124.39,85.91,72,100,6.17,PH,overcast clouds,2021-06-07 04:22:18
297,Chenzhou,25.8,113.0333,89.92,46,66,1.99,CN,broken clouds,2021-06-07 04:22:19
298,Touros,-5.1989,-35.4608,74.3,86,42,12.93,BR,scattered clouds,2021-06-07 04:22:19
299,Mecca,21.4267,39.8261,86.52,47,5,4.45,SA,clear sky,2021-06-07 04:21:11
300,Zholymbet,51.7433,71.7122,69.48,31,10,6.44,KZ,clear sky,2021-06-07 04:22:19
301,Sovetskiy,61.3614,63.5842,55.24,36,93,4.21,RU,overcast clouds,2021-06-07 04:22:20
302,Krk,45.0258,14.5731,70.79,84,100,5.68,HR,overcast clouds,2021-06-07 04:22:20
303,Caravelas,-17.7125,-39.2481,71.92,85,42,3.51,BR,scattered clouds,2021-06-07 04:22:20
304,Omboue,-1.5746,9.2618,75.15,96,99,5.17,GA,overcast clouds,2021-06-07 04:22:21
305,Paamiut,61.994,-49.6678,38.08,96,100,5.3,GL,light rain,2021-06-07 04:22:21
306,Seguin,29.5688,-97.9647,81.66,89,1,5.99,US,clear sky,2021-06-07 04:22:21
307,Torbay,47.6666,-52.7314,39.27,92,90,9.22,CA,overcast clouds,2021-06-07 04:22:22
308,Caraballeda,10.6112,-66.8522,78.87,100,96,7.94,VE,overcast clouds,2021-06-07 04:22:22
309,Mayo,38.8876,-76.5119,80.56,87,1,1.01,US,clear sky,2021-06-07 04:22:23
310,Madimba,-10.4,40.3333,67.96,78,1,10.04,TZ,clear sky,2021-06-07 04:22:23
311,Ambulu,-8.345,113.6058,85.59,64,8,6.02,ID,clear sky,2021-06-07 04:22:23
312,Vila Velha,-20.3297,-40.2925,69.94,97,0,1.99,BR,clear sky,2021-06-07 04:22:24
313,Kitimat,54.0524,-128.6534,57.58,80,100,1.97,CA,overcast clouds,2021-06-07 04:22:24
314,Paragould,36.0584,-90.4973,73.74,92,95,9.84,US,overcast clouds,2021-06-07 04:21:38
315,Kutoarjo,-7.7169,109.9128,92.89,63,53,6.02,ID,broken clouds,2021-06-07 04:22:24
316,Challans,46.8436,-1.8749,55.6,87,21,5.21,FR,few clouds,2021-06-07 04:22:25
317,Wad Madani,14.4012,33.5199,86.52,43,92,11.7,SD,overcast clouds,2021-06-07 04:22:25
318,Senneterre,48.3835,-77.2328,73.62,89,100,13.27,CA,overcast clouds,2021-06-07 04:22:25
319,General Roca,-39.0333,-67.5833,46.8,47,96,7.56,AR,overcast clouds,2021-06-07 04:22:26
320,Visnes,59.3556,5.2242,54.57,94,75,5.75,NO,broken clouds,2021-06-07 04:22:26
321,Gushikawa,26.3544,127.8686,85.59,74,75,11.56,JP,moderate rain,2021-06-07 04:22:26
322,Koping,59.514,15.9926,62.89,76,95,4.79,SE,overcast clouds,2021-06-07 04:22:27
323,Antalaha,-14.9003,50.2788,73.35,79,45,10.16,MG,scattered clouds,2021-06-07 04:22:27
324,Saint George,37.1041,-113.5841,90.19,8,1,17.27,US,clear sky,2021-06-07 04:22:27
325,Mbaiki,3.8678,17.9892,67.42,96,99,2.01,CF,overcast clouds,2021-06-07 04:22:28
326,Ambilobe,-13.2,49.05,70.43,88,63,3.42,MG,broken clouds,2021-06-07 04:22:28
327,Mashhad,36.297,59.6062,80.74,41,0,16.11,IR,clear sky,2021-06-07 04:22:28
328,Simao,22.7886,100.9748,77.0,77,69,2.42,CN,broken clouds,2021-06-07 04:22:29
329,Victoria,22.2855,114.1577,89.65,81,59,5.01,HK,broken clouds,2021-06-07 04:21:31
330,Portland,45.5234,-122.6762,55.98,66,46,1.01,US,scattered clouds,2021-06-07 04:22:17
331,Kijang,35.2442,129.2139,78.53,54,0,11.74,KR,clear sky,2021-06-07 04:22:29
332,Whyalla,-33.0333,137.5833,73.29,31,14,26.46,AU,few clouds,2021-06-07 04:22:30
333,Sao Joao Da Barra,-21.6403,-41.0511,72.27,89,100,9.91,BR,overcast clouds,2021-06-07 04:22:30
334,Kirkenaer,60.4564,12.0582,59.99,90,92,1.74,NO,overcast clouds,2021-06-07 04:22:30
335,Ribeira Grande,38.5167,-28.7,64.99,91,100,9.48,PT,overcast clouds,2021-06-07 04:22:31
336,Buraydah,26.326,43.975,88.25,11,27,9.13,SA,scattered clouds,2021-06-07 04:22:10
337,Ciro Marina,39.3732,17.126,67.98,72,13,5.86,IT,few clouds,2021-06-07 04:22:31
338,Lovozero,68.005,35.0117,42.89,59,28,0.2,RU,scattered clouds,2021-06-07 04:22:32
339,Victoria Falls,-17.9235,25.843,45.72,79,37,4.63,ZW,scattered clouds,2021-06-07 04:22:32
340,Naryan-Mar,67.6713,53.087,40.48,55,95,15.39,RU,overcast clouds,2021-06-07 04:22:32
341,Iqaluit,63.7506,-68.5145,31.73,93,90,3.0,CA,overcast clouds,2021-06-07 04:22:33
342,Rudnichnyy,59.617,52.4703,65.86,61,48,3.71,RU,scattered clouds,2021-06-07 04:22:33
343,Egvekinot,66.3167,-179.1667,42.15,51,4,0.72,RU,clear sky,2021-06-07 04:22:33
344,Mehamn,71.0357,27.8492,42.75,70,0,10.36,NO,clear sky,2021-06-07 04:22:34
345,Swellendam,-34.0226,20.4417,61.18,39,1,11.63,ZA,clear sky,2021-06-07 04:22:34
346,Atar,20.5169,-13.0499,88.18,17,6,14.97,MR,clear sky,2021-06-07 04:22:34
347,Ascension,30.2169,-90.9001,75.97,97,1,5.75,US,clear sky,2021-06-07 04:22:35
348,Moletai,55.2333,25.4167,59.18,84,77,4.29,LT,broken clouds,2021-06-07 04:22:35
349,Zhigansk,66.7697,123.3711,45.99,85,100,19.91,RU,moderate rain,2021-06-07 04:22:35
350,Peace River,56.2501,-117.286,53.91,76,75,8.23,CA,broken clouds,2021-06-07 04:22:36
351,Ahipara,-35.1667,173.1667,61.74,88,98,10.96,NZ,overcast clouds,2021-06-07 04:22:36
352,Mar Del Plata,-38.0023,-57.5575,51.87,70,0,4.0,AR,clear sky,2021-06-07 04:22:37
353,Jasper,37.2001,-94.3502,70.02,87,1,6.8,US,clear sky,2021-06-07 04:22:37
354,Silver City,32.7701,-108.2803,74.03,18,1,8.48,US,clear sky,2021-06-07 04:22:37
355,Mbengwi,6.0167,10.0,63.46,96,100,2.98,CM,light rain,2021-06-07 04:22:38
356,Xichang,27.8964,102.2634,67.1,90,100,1.63,CN,overcast clouds,2021-06-07 04:22:38
357,Kardla,58.9978,22.7492,62.58,72,0,5.75,EE,clear sky,2021-06-07 04:22:38
358,Salalah,17.0151,54.0924,84.29,89,75,6.91,OM,broken clouds,2021-06-07 04:22:39
359,Yar-Sale,66.8333,70.8333,41.65,52,92,9.89,RU,overcast clouds,2021-06-07 04:22:39
360,San Patricio,28.017,-97.5169,82.89,90,4,15.05,US,clear sky,2021-06-07 04:22:39
361,Teknaf,20.8624,92.3058,84.72,79,100,6.76,BD,overcast clouds,2021-06-07 04:22:40
362,Hami,42.8,93.45,78.13,10,3,11.16,CN,clear sky,2021-06-07 04:22:40
363,Provideniya,64.3833,-173.3,44.71,61,75,4.47,RU,broken clouds,2021-06-07 04:22:40
364,Calama,-22.4667,-68.9333,39.69,14,0,23.02,CL,clear sky,2021-06-07 04:22:20
365,Belyy Yar,53.6039,91.3903,64.29,63,0,5.7,RU,clear sky,2021-06-07 04:22:41
366,Kodiak,57.79,-152.4072,63.91,34,1,9.22,US,clear sky,2021-06-07 04:22:00
367,Minot,48.2325,-101.2963,64.62,32,1,11.5,US,clear sky,2021-06-07 04:22:42
368,Tual,-5.6667,132.75,81.39,79,90,13.15,ID,overcast clouds,2021-06-07 04:22:42
369,Daru,-9.0763,143.2092,78.37,89,93,17.29,PG,overcast clouds,2021-06-07 04:22:42
370,Ferrol,43.4832,-8.2369,58.26,86,23,5.95,ES,few clouds,2021-06-07 04:22:43
371,Curumani,9.1999,-73.5427,77.11,79,100,5.48,CO,overcast clouds,2021-06-07 04:22:43
372,Genhe,50.7833,121.5167,79.65,21,13,6.64,CN,few clouds,2021-06-07 04:22:43
373,Bay Roberts,47.5999,-53.2648,40.05,90,63,5.99,CA,broken clouds,2021-06-07 04:22:44
374,Kysyl-Syr,63.8986,122.7617,58.53,34,71,16.17,RU,broken clouds,2021-06-07 04:22:44
375,Kimbe,-5.5502,150.1429,83.7,76,49,4.05,PG,light rain,2021-06-07 04:22:44
376,Atasu,48.6814,71.6433,71.04,26,100,13.29,KZ,overcast clouds,2021-06-07 04:22:45
377,Bengkulu,-3.8004,102.2655,83.35,67,54,3.69,ID,broken clouds,2021-06-07 04:22:45
378,Skjervoy,70.0311,20.9714,57.2,66,18,7.23,NO,few clouds,2021-06-07 04:22:46
379,Bathsheba,13.2167,-59.5167,81.21,65,40,19.46,BB,scattered clouds,2021-06-07 04:22:46
380,Gobabis,-22.45,18.9667,43.02,69,0,13.76,NA,clear sky,2021-06-07 04:22:46
381,Buritis,-15.6178,-46.4233,71.29,60,96,2.8,BR,overcast clouds,2021-06-07 04:17:47
382,Cherskiy,68.75,161.3,71.29,33,87,20.36,RU,overcast clouds,2021-06-07 04:22:47
383,Grand Baie,-20.0182,57.5802,76.44,78,15,3.0,MU,few clouds,2021-06-07 04:22:47
384,Kuruman,-27.4524,23.4325,45.99,72,0,11.81,ZA,clear sky,2021-06-07 04:22:47
385,Bhag,29.0415,67.8239,100.0,32,0,5.99,PK,clear sky,2021-06-07 04:22:48
386,Port Shepstone,-30.7414,30.455,56.57,65,0,8.34,ZA,clear sky,2021-06-07 04:22:48
387,Marsh Harbour,26.5412,-77.0636,78.55,79,100,16.78,BS,overcast clouds,2021-06-07 04:22:48
388,Orthez,43.4884,-0.7724,60.1,95,97,3.27,FR,overcast clouds,2021-06-07 04:22:49
389,Lidkoping,58.5052,13.1577,60.55,91,82,4.83,SE,broken clouds,2021-06-07 04:22:49
390,Axim,4.8699,-2.2405,78.3,86,30,7.38,GH,light rain,2021-06-07 04:22:49
391,Bagacay,12.9821,124.1415,84.6,72,100,5.66,PH,heavy intensity rain,2021-06-07 04:22:50
392,Shakawe,-18.3667,21.85,45.68,78,3,4.85,BW,clear sky,2021-06-07 04:22:50
393,Rumonge,-3.9736,29.4386,71.47,70,83,2.75,BI,broken clouds,2021-06-07 04:22:50
394,Edgewater,28.9889,-80.9023,81.09,84,100,11.59,US,overcast clouds,2021-06-07 04:22:51
395,Ballina,-28.8667,153.5667,69.98,54,23,8.05,AU,few clouds,2021-06-07 04:22:51
396,Rameshki,57.3439,36.0453,60.57,86,59,3.36,RU,broken clouds,2021-06-07 04:22:52
397,Berezovyy,51.6667,135.7,71.01,58,83,3.56,RU,broken clouds,2021-06-07 04:22:52
398,Zastron,-30.3023,27.084,36.43,72,0,4.88,ZA,clear sky,2021-06-07 04:22:52
399,Aykhal,66.0,111.5,38.66,84,76,33.24,RU,light rain,2021-06-07 04:22:53
400,Chuy,-33.6971,-53.4616,50.22,79,11,5.97,UY,few clouds,2021-06-07 04:22:53
401,Verkhnyaya Khava,51.8404,39.9413,57.27,88,45,4.97,RU,scattered clouds,2021-06-07 04:22:53
402,Lakes Entrance,-37.8811,147.981,62.19,51,88,13.62,AU,overcast clouds,2021-06-07 04:22:54
403,Gornopravdinsk,60.05,69.9,57.18,80,99,6.49,RU,overcast clouds,2021-06-07 04:22:54
404,Xilitla,21.3333,-98.9667,77.16,66,86,3.51,MX,overcast clouds,2021-06-07 04:22:54
405,Lukang,24.0567,120.4352,86.41,82,100,7.14,TW,overcast clouds,2021-06-07 04:22:55
406,Vista,33.2,-117.2425,64.29,79,90,1.99,US,overcast clouds,2021-06-07 04:20:06
407,La Ronge,55.1001,-105.2842,53.85,71,75,0.0,CA,broken clouds,2021-06-07 04:19:33
408,Takoradi,4.8845,-1.7554,78.67,86,38,8.75,GH,light rain,2021-06-07 04:22:55
409,Clyde River,70.4692,-68.5914,35.83,87,90,16.11,CA,overcast clouds,2021-06-07 04:21:32
410,Sokoni,-6.4333,39.55,76.86,77,82,18.28,TZ,broken clouds,2021-06-07 04:22:56
411,Vuktyl,63.8567,57.3094,44.87,50,77,13.44,RU,broken clouds,2021-06-07 04:22:56
412,Klaksvik,62.2266,-6.589,49.12,92,100,4.41,FO,overcast clouds,2021-06-07 04:22:57
413,Abu Samrah,35.3029,37.1841,67.64,39,0,5.44,SY,clear sky,2021-06-07 04:22:57
414,Arlit,18.7369,7.3853,89.47,14,94,6.82,NE,overcast clouds,2021-06-07 04:22:57
415,Coihueco,-36.6167,-71.8333,39.94,100,100,1.79,CL,overcast clouds,2021-06-07 04:22:58
416,Bubaque,11.2833,-15.8333,79.21,83,100,15.9,GW,overcast clouds,2021-06-07 04:22:58
417,Najran,17.4924,44.1277,79.45,27,29,5.53,SA,scattered clouds,2021-06-07 04:22:58
418,Thrissur,10.5167,76.2167,85.98,75,38,2.3,IN,scattered clouds,2021-06-07 04:20:36
419,Japura,-0.3167,102.35,91.42,52,28,2.86,ID,scattered clouds,2021-06-07 04:22:59
420,Sabang,5.8933,95.3214,83.43,69,100,14.27,ID,overcast clouds,2021-06-07 04:22:59
421,Payakumbuh,-0.2202,100.6308,87.58,46,7,1.1,ID,clear sky,2021-06-07 04:23:00
422,Scottsbluff,41.8666,-103.6672,74.52,57,1,8.05,US,clear sky,2021-06-07 04:23:00
423,Nemuro,43.3236,145.575,70.23,84,36,6.35,JP,scattered clouds,2021-06-07 04:23:00
424,Ust-Nera,64.5667,143.2,58.87,81,100,5.86,RU,light rain,2021-06-07 04:23:01
425,Rotterdam,51.9225,4.4792,55.89,90,20,1.14,NL,few clouds,2021-06-07 04:19:57
426,San-Pedro,4.7485,-6.6363,77.95,86,65,6.44,CI,broken clouds,2021-06-07 04:23:01
427,Beringovskiy,63.05,179.3167,34.47,99,100,3.85,RU,overcast clouds,2021-06-07 04:23:02
428,Santa Luzia,-19.7697,-43.8514,65.3,82,0,3.29,BR,clear sky,2021-06-07 04:23:02
429,Gao,16.6362,1.637,85.89,39,5,13.09,ML,clear sky,2021-06-07 04:23:02
430,Ilo,-17.6394,-71.3375,62.13,84,83,5.03,PE,broken clouds,2021-06-07 04:23:03
431,Isangel,-19.55,169.2667,75.31,69,75,11.5,VU,broken clouds,2021-06-07 04:23:03
432,Paraiso,9.8383,-83.8656,67.42,96,72,1.28,CR,broken clouds,2021-06-07 04:23:03
433,Sanlucar La Mayor,37.3871,-6.2011,68.86,67,0,2.26,ES,clear sky,2021-06-07 04:23:04
434,Eureka,40.8021,-124.1637,55.58,76,100,3.0,US,overcast clouds,2021-06-07 04:23:04
435,Blackwater,-23.5833,148.8833,73.33,35,0,9.06,AU,clear sky,2021-06-07 04:23:04
436,Omsukchan,62.5333,155.8,54.16,59,99,7.61,RU,overcast clouds,2021-06-07 04:23:05
437,Mahur,25.1667,93.1167,79.86,68,93,4.63,IN,overcast clouds,2021-06-07 04:23:05
438,Xining,36.6167,101.7667,68.16,37,9,4.5,CN,clear sky,2021-06-07 04:19:49
439,Havelock,34.8791,-76.9013,77.95,92,1,1.99,US,clear sky,2021-06-07 04:23:06
440,Byron Bay,-28.65,153.6167,70.05,60,12,4.97,AU,few clouds,2021-06-07 04:23:06
441,River Falls,44.8614,-92.6238,82.49,80,44,11.5,US,scattered clouds,2021-06-07 04:23:07
442,Kavaratti,10.5669,72.642,82.62,76,100,12.62,IN,overcast clouds,2021-06-07 04:23:07
443,Saint-Joseph,-21.3667,55.6167,70.16,84,97,16.84,RE,light rain,2021-06-07 04:23:07
444,Amberley,39.2048,-84.428,72.61,90,1,6.31,US,clear sky,2021-06-07 04:23:08
445,Masuguru,-11.3667,38.4167,61.93,81,0,3.94,TZ,clear sky,2021-06-07 04:23:08
446,Pacasmayo,-7.4006,-79.5714,65.32,87,100,10.33,PE,overcast clouds,2021-06-07 04:23:08
447,Lixourion,38.2019,20.4314,73.63,61,5,1.41,GR,clear sky,2021-06-07 04:23:09
448,Roebourne,-20.7833,117.1333,80.46,34,62,15.84,AU,broken clouds,2021-06-07 04:23:09
449,Tatawin,32.9297,10.4518,74.28,83,85,15.66,TN,overcast clouds,2021-06-07 04:21:30
450,Caramay,10.1815,119.236,84.61,75,100,3.87,PH,overcast clouds,2021-06-07 04:23:09
451,Pemangkat,1.1667,108.9667,86.2,66,31,6.67,ID,scattered clouds,2021-06-07 04:21:05
452,Lata,40.1629,-8.3327,61.21,94,7,1.25,PT,clear sky,2021-06-07 04:23:10
453,Kuna,43.4918,-116.4201,64.96,36,1,4.0,US,clear sky,2021-06-07 04:23:10
454,Tautira,-17.7333,-149.15,80.62,70,5,8.01,PF,clear sky,2021-06-07 04:23:11
455,Gizo,-8.103,156.8419,84.92,68,70,3.29,SB,broken clouds,2021-06-07 04:23:11
456,Verkhoyansk,67.5447,133.385,58.91,35,100,8.25,RU,overcast clouds,2021-06-07 04:23:11
457,Chachapoyas,-6.2317,-77.869,53.78,97,96,1.92,PE,light rain,2021-06-07 04:19:05
458,Azul,-36.777,-59.8585,45.46,62,100,9.93,AR,overcast clouds,2021-06-07 04:21:13
459,Leh,34.1667,77.5833,55.13,19,0,3.27,IN,clear sky,2021-06-07 04:23:12
460,Puyang,29.4603,119.8861,87.15,37,98,4.41,CN,overcast clouds,2021-06-07 04:23:12
461,Ormara,25.2088,64.6357,84.78,67,90,7.47,PK,overcast clouds,2021-06-07 04:23:13
462,Zakopane,49.299,19.9489,51.04,83,74,0.49,PL,broken clouds,2021-06-07 04:23:13
463,Lorengau,-2.0226,147.2712,83.5,70,46,1.54,PG,scattered clouds,2021-06-07 04:23:13
464,Bela,25.9333,81.9833,102.36,26,36,10.63,IN,scattered clouds,2021-06-07 04:23:14
465,Okhotsk,59.3833,143.3,48.58,76,100,8.39,RU,overcast clouds,2021-06-07 04:23:14
466,Arman,59.7,150.1667,52.84,69,99,10.13,RU,overcast clouds,2021-06-07 04:23:14
467,Deputatskiy,69.3,139.9,50.4,42,88,14.43,RU,overcast clouds,2021-06-07 04:23:15
468,Dawei,14.0833,98.2,76.75,93,100,3.69,MM,overcast clouds,2021-06-07 04:23:15
469,Ciudad Bolivar,8.1222,-63.5497,76.51,83,24,11.88,VE,few clouds,2021-06-07 04:23:15
470,Machinga,-15.1685,35.3,55.72,90,90,3.38,MW,overcast clouds,2021-06-07 04:23:16
471,Ust-Omchug,61.15,149.6333,53.38,61,100,4.7,RU,overcast clouds,2021-06-07 04:23:16
472,Angoram,-4.0625,144.0661,82.58,77,100,1.92,PG,overcast clouds,2021-06-07 04:23:17
473,Presidencia Roque Saenz Pena,-26.7852,-60.4388,60.06,96,100,3.31,AR,overcast clouds,2021-06-07 04:23:17
474,Qaqortoq,60.7167,-46.0333,55.9,85,100,5.64,GL,overcast clouds,2021-06-07 04:23:17
475,Terrace,54.5163,-128.6035,57.11,58,75,8.05,CA,broken clouds,2021-06-07 04:23:18
476,Sao Filipe,14.8961,-24.4956,73.24,77,9,10.85,CV,clear sky,2021-06-07 04:23:18
477,Praia,14.9215,-23.5087,77.54,44,0,18.41,CV,clear sky,2021-06-07 04:23:18
478,Milverton,43.5668,-80.9164,73.22,73,27,8.3,CA,scattered clouds,2021-06-07 04:23:19
479,Nacala,-14.5428,40.6728,68.61,76,54,9.33,MZ,broken clouds,2021-06-07 04:23:19
480,Goure,13.9835,10.2704,85.01,47,91,6.44,NE,overcast clouds,2021-06-07 04:23:19
481,Kuusamo,65.9667,29.1833,53.64,58,0,5.75,FI,clear sky,2021-06-07 04:23:20
482,Kropotkin,45.4375,40.5756,57.94,88,98,9.35,RU,overcast clouds,2021-06-07 04:23:20
483,Colomi,-17.35,-65.8667,44.47,85,38,3.0,BO,scattered clouds,2021-06-07 04:23:20
484,Makakilo City,21.3469,-158.0858,80.92,61,40,10.36,US,light rain,2021-06-07 04:23:21
485,Sovetskaya,44.7769,41.1722,54.66,84,99,4.97,RU,overcast clouds,2021-06-07 04:19:16
486,Shizunai,42.3339,142.3669,60.6,81,59,9.95,JP,broken clouds,2021-06-07 04:19:18
487,Necochea,-38.5473,-58.7368,47.03,65,100,10.47,AR,overcast clouds,2021-06-07 04:23:21
488,Pangkalanbuun,-2.6833,111.6167,91.65,50,42,5.08,ID,scattered clouds,2021-06-07 04:23:22
489,Nouadhibou,20.931,-17.0347,67.98,77,96,17.27,MR,sand,2021-06-07 04:23:22
490,Yelan-Kolenovskiy,51.1632,41.151,59.29,87,95,5.12,RU,overcast clouds,2021-06-07 04:19:10
491,Moanda,-1.5575,13.2178,69.94,90,69,0.65,GA,broken clouds,2021-06-07 04:23:23
492,Namatanai,-3.6667,152.4333,83.75,69,71,4.9,PG,light rain,2021-06-07 04:23:23
493,Stykkisholmur,65.0757,-22.7297,46.51,88,98,1.86,IS,overcast clouds,2021-06-07 04:23:23
494,Port-Gentil,-0.7193,8.7815,77.99,88,100,8.25,GA,light rain,2021-06-07 04:23:24
495,Dakar,14.6937,-17.4441,74.28,79,28,11.07,SN,scattered clouds,2021-06-07 04:21:57
496,Boguchar,49.9358,40.545,59.23,86,96,5.44,RU,overcast clouds,2021-06-07 04:23:24
497,Thinadhoo,0.5333,72.9333,83.39,72,52,12.48,MV,broken clouds,2021-06-07 04:23:25
498,Bud,39.447,-86.1758,72.86,95,100,9.55,US,overcast clouds,2021-06-07 04:23:25
499,Manosque,43.8288,5.7869,60.22,90,0,4.23,FR,clear sky,2021-06-07 04:23:25
500,Lekoni,-1.5843,14.2591,73.2,81,62,4.0,GA,broken clouds,2021-06-07 04:23:26
501,Itupiranga,-5.1347,-49.3267,73.72,70,76,2.19,BR,broken clouds,2021-06-07 04:23:26
502,Canar,-2.55,-78.9333,48.24,94,100,4.23,EC,light rain,2021-06-07 04:23:26
503,Olafsvik,64.8945,-23.7142,46.69,87,99,2.71,IS,overcast clouds,2021-06-07 04:23:27
504,Riyadh,24.6877,46.7219,95.14,10,0,10.36,SA,clear sky,2021-06-07 04:23:27
505,Tutoia,-2.7619,-42.2744,78.37,83,20,3.91,BR,few clouds,2021-06-07 04:23:27
506,Talara,-4.5772,-81.2719,67.82,84,97,14.41,PE,overcast clouds,2021-06-07 04:23:28
507,Plettenberg Bay,-34.0527,23.3716,66.88,34,2,8.32,ZA,clear sky,2021-06-07 04:23:28
508,Hit,33.6416,42.8251,83.37,19,0,12.48,IQ,clear sky,2021-06-07 04:23:28
509,Samarai,-10.6167,150.6667,77.02,92,100,13.78,PG,overcast clouds,2021-06-07 04:23:29
510,Bondo,3.8146,23.6866,67.87,99,92,0.45,CD,overcast clouds,2021-06-07 04:23:29
511,Luba,3.4568,8.5547,73.29,80,97,1.97,GQ,overcast clouds,2021-06-07 04:23:29
512,Chocen,50.0016,16.223,61.97,84,23,2.51,CZ,few clouds,2021-06-07 04:23:30
513,Karratha,-20.7377,116.8463,82.27,32,26,18.66,AU,scattered clouds,2021-06-07 04:23:30
514,Bendigo,-36.7667,144.2833,60.85,58,95,4.0,AU,overcast clouds,2021-06-07 04:23:30
515,Perevolotskiy,51.8763,54.1938,66.88,49,30,8.28,RU,scattered clouds,2021-06-07 04:23:31
516,Mikhaylovskoye,51.8239,79.7172,74.77,32,0,8.59,RU,clear sky,2021-06-07 04:23:31
517,Lasa,46.6166,10.7002,59.88,93,100,1.61,IT,overcast clouds,2021-06-07 04:23:31
518,Wanning,18.8003,110.3967,89.47,63,30,7.76,CN,scattered clouds,2021-06-07 04:23:32
519,Severnyy,50.677,36.5532,57.24,94,18,4.47,RU,few clouds,2021-06-07 04:23:32
520,Gat,31.61,34.7642,71.4,100,0,2.1,IL,clear sky,2021-06-07 04:23:33
521,Palmer,42.1584,-72.3287,75.61,74,1,4.43,US,clear sky,2021-06-07 04:21:41
522,Fort Nelson,58.8053,-122.7002,58.59,41,75,5.75,CA,broken clouds,2021-06-07 04:23:33
523,Beloha,-25.1667,45.05,60.69,76,10,11.48,MG,clear sky,2021-06-07 04:23:33
524,Kaeo,-35.1,173.7833,62.33,95,100,12.03,NZ,light rain,2021-06-07 04:23:34
525,Xudat,41.631,48.681,65.35,79,47,11.23,AZ,scattered clouds,2021-06-07 04:23:34
526,Narasannapeta,18.4167,84.05,93.43,54,72,10.89,IN,broken clouds,2021-06-07 04:23:35
527,Leningradskiy,69.3833,178.4167,43.95,65,9,17.09,RU,clear sky,2021-06-07 04:22:39
528,Norman Wells,65.282,-126.8329,51.84,76,75,4.61,CA,light rain,2021-06-07 04:23:35
529,Nyurba,63.2842,118.3319,57.31,29,46,17.11,RU,scattered clouds,2021-06-07 04:23:35
530,Rio Grande,-32.035,-52.0986,57.16,77,9,10.51,BR,clear sky,2021-06-07 04:19:46
531,Targusor,44.45,28.4167,58.5,88,0,5.79,RO,light rain,2021-06-07 04:23:36
532,Namibe,-15.1961,12.1522,75.06,42,2,9.06,AO,clear sky,2021-06-07 04:23:36
533,Cairns,-16.9167,145.7667,82.11,66,90,10.36,AU,overcast clouds,2021-06-07 04:23:37
534,Maceio,-9.6658,-35.7353,72.84,94,0,1.39,BR,clear sky,2021-06-07 04:22:45
535,Tazmalt,36.3868,4.3989,62.62,93,8,2.46,DZ,clear sky,2021-06-07 04:23:37
536,Sultanpur,26.2667,82.0667,102.25,22,46,6.71,IN,scattered clouds,2021-06-07 04:23:37
537,Kununurra,-15.7667,128.7333,87.78,20,10,4.61,AU,clear sky,2021-06-07 04:23:38
538,Kurikka,62.6167,22.4167,62.1,69,29,2.82,FI,scattered clouds,2021-06-07 04:23:38
539,Moose Factory,51.2585,-80.6094,78.8,65,40,11.5,CA,scattered clouds,2021-06-07 04:23:38
540,Wawa,9.9022,4.4192,75.22,84,62,5.01,NG,light rain,2021-06-07 04:23:39
541,Celestun,20.8667,-90.4,85.64,61,100,14.56,MX,overcast clouds,2021-06-07 04:23:39
542,Zhuhai,22.2769,113.5678,89.78,74,20,15.37,CN,few clouds,2021-06-07 04:20:05
543,Majene,-3.5403,118.9707,86.09,64,100,7.43,ID,overcast clouds,2021-06-07 04:23:39
544,Sabla,12.7525,4.7077,82.83,55,100,9.22,NG,overcast clouds,2021-06-07 04:23:40
545,Fereydunshahr,32.941,50.121,66.33,17,0,4.7,IR,clear sky,2021-06-07 04:23:40
546,Si Racha,13.1737,100.9311,92.32,63,100,14.05,TH,overcast clouds,2021-06-07 04:23:40
547,Ravar,31.2656,56.8055,95.67,7,0,13.18,IR,clear sky,2021-06-07 04:23:41
548,Umea,63.8284,20.2597,58.93,77,0,5.75,SE,clear sky,2021-06-07 04:23:41
549,Mahon,39.8885,4.2658,63.16,88,0,6.91,ES,clear sky,2021-06-07 04:23:41
550,Kuldur,49.2167,131.6333,75.0,32,100,7.25,RU,overcast clouds,2021-06-07 04:23:42
551,Ketchikan,55.3422,-131.6461,51.78,87,40,10.36,US,scattered clouds,2021-06-07 04:23:42
552,Sorland,67.667,12.6934,51.87,97,100,4.74,NO,overcast clouds,2021-06-07 04:23:43
553,Porbandar,21.6422,69.6093,87.21,62,17,11.3,IN,few clouds,2021-06-07 04:23:43
554,Ancud,-41.8697,-73.8203,53.22,89,100,17.34,CL,moderate rain,2021-06-07 04:23:43
555,Shenjiamen,29.9576,122.298,72.93,82,68,11.27,CN,broken clouds,2021-06-07 04:23:44
556,Manbij,36.5281,37.9549,75.97,44,0,9.71,SY,clear sky,2021-06-07 04:23:44
557,Kortkeros,61.8106,51.5806,53.6,36,87,11.54,RU,overcast clouds,2021-06-07 04:23:44
558,Haimen,23.1935,116.6142,84.09,79,99,17.58,CN,overcast clouds,2021-06-07 04:23:45
559,Hambantota,6.1241,81.1185,85.37,68,98,16.67,LK,overcast clouds,2021-06-07 04:23:45
560,Barguzin,53.6167,109.6167,47.89,92,100,0.51,RU,light rain,2021-06-07 04:23:45
561,Manado,1.487,124.8455,84.97,74,40,4.74,ID,scattered clouds,2021-06-07 04:23:46
562,Gimli,50.6336,-96.9907,65.05,45,23,5.75,CA,few clouds,2021-06-07 04:23:46
563,Evensk,61.95,159.2333,50.0,72,59,8.12,RU,broken clouds,2021-06-07 04:23:46
564,Fernandina Beach,30.6697,-81.4626,80.96,89,75,3.0,US,broken clouds,2021-06-07 04:23:47
565,Abu Kamal,34.4506,40.9171,77.38,26,0,12.93,SY,clear sky,2021-06-07 04:23:47
566,Mandal,25.45,74.5667,92.66,38,1,13.8,IN,clear sky,2021-06-07 04:23:47
567,Vestmanna,62.1564,-7.1664,47.32,100,90,6.69,FO,overcast clouds,2021-06-07 04:23:48
568,Karaton,-6.3424,106.1045,86.16,60,56,2.89,ID,broken clouds,2021-06-07 04:23:48
569,Adrar,20.5022,-10.0711,88.11,14,0,17.45,MR,clear sky,2021-06-07 04:22:29
570,Polaniec,50.4332,21.2812,61.79,80,100,2.3,PL,overcast clouds,2021-06-07 04:23:48
571,Kismayo,-0.3582,42.5454,76.98,84,63,13.78,SO,light rain,2021-06-07 04:23:49
572,Barabai,-2.5833,115.3833,91.08,55,60,0.45,ID,broken clouds,2021-06-07 04:23:49
573,Izhma,65.0083,53.9113,41.14,57,55,10.0,RU,broken clouds,2021-06-07 04:23:50
574,Maniitsoq,65.4167,-52.9,38.98,92,100,7.72,GL,overcast clouds,2021-06-07 04:23:50
575,Malanje,-9.5402,16.341,56.01,59,9,4.09,AO,clear sky,2021-06-07 04:23:50
576,Progreso,21.2833,-89.6667,84.31,61,99,13.6,MX,overcast clouds,2021-06-07 04:23:51
577,Magnor,59.9511,12.1996,59.41,90,89,1.63,SE,overcast clouds,2021-06-07 04:23:51
578,Kidal,18.4411,1.4078,89.22,13,15,6.96,ML,few clouds,2021-06-07 04:23:51
579,Pombas,17.1503,-25.0201,71.38,82,24,15.64,CV,few clouds,2021-06-07 04:23:52
580,Port Lincoln,-34.7333,135.8667,58.55,84,44,23.8,AU,scattered clouds,2021-06-07 04:23:52
581,Beruwala,6.4788,79.9828,82.94,78,99,10.16,LK,overcast clouds,2021-06-07 04:23:52
582,Muli,2.9167,73.5667,83.1,73,38,16.49,MV,scattered clouds,2021-06-07 04:23:53
583,Saint-Honore,48.5334,-71.0824,64.29,79,92,6.49,CA,overcast clouds,2021-06-07 04:23:53
584,Yerbogachen,61.2767,108.0108,53.76,38,69,12.15,RU,broken clouds,2021-06-07 04:23:54
585,Khani,41.9563,42.9566,51.37,81,3,1.32,GE,clear sky,2021-06-07 04:23:54
586,Solnechnyy,50.7214,136.6319,69.22,54,46,3.31,RU,scattered clouds,2021-06-07 04:23:54
587,Chumikan,54.7183,135.315,44.02,79,65,8.34,RU,broken clouds,2021-06-07 04:22:17
588,Arkhangelskoye,55.8549,35.3287,58.62,90,98,4.27,RU,overcast clouds,2021-06-07 04:23:55
589,Faya,18.3851,42.4509,70.32,33,6,1.01,SA,clear sky,2021-06-07 04:23:55
590,Melur,10.05,78.3333,87.62,57,62,1.95,IN,broken clouds,2021-06-07 04:23:55
591,Santa Isabel Do Rio Negro,-0.4139,-65.0192,77.97,79,92,2.17,BR,overcast clouds,2021-06-07 04:23:56
592,Seymchan,62.8833,152.4333,53.8,73,100,4.25,RU,overcast clouds,2021-06-07 04:23:56
593,Abancay,-13.6339,-72.8814,52.54,88,9,0.89,PE,clear sky,2021-06-07 04:23:57
594,Pontianak,-0.0333,109.3333,89.58,62,20,2.33,ID,few clouds,2021-06-07 04:23:57
595,Placido De Castro,-10.3353,-67.1856,74.23,87,23,2.51,BR,few clouds,2021-06-07 04:23:57
596,Kasane,-17.8167,25.15,46.49,81,0,6.91,BW,clear sky,2021-06-07 04:23:58
597,Novobirilyussy,56.9514,90.6661,57.79,92,100,9.73,RU,overcast clouds,2021-06-07 04:23:58
598,Westport,41.1415,-73.3579,80.74,81,1,1.01,US,clear sky,2021-06-07 04:23:58
599,Bikaner,28.0167,73.3,96.76,33,0,19.01,IN,clear sky,2021-06-07 04:23:59
600,Goderich,43.7501,-81.7165,75.52,53,56,6.91,CA,broken clouds,2021-06-07 04:23:59
601,La Palma,33.8464,-118.0467,66.9,78,75,3.0,US,broken clouds,2021-06-07 04:24:00
602,Port Blair,11.6667,92.75,82.44,89,75,5.75,IN,broken clouds,2021-06-07 04:24:00
603,Avera,33.194,-82.5271,73.27,94,100,7.05,US,overcast clouds,2021-06-07 04:24:00
604,Kant,27.8,79.8,101.62,23,0,6.22,IN,clear sky,2021-06-07 04:24:01
605,Manicore,-5.8092,-61.3003,72.63,97,91,1.45,BR,overcast clouds,2021-06-07 04:24:01
606,Berlevag,70.8578,29.0864,42.8,65,1,3.42,NO,clear sky,2021-06-07 04:24:01
607,Calvinia,-31.4707,19.776,49.48,45,0,15.97,ZA,clear sky,2021-06-07 04:24:02
608,Mogadishu,2.0371,45.3438,79.54,83,53,18.68,SO,broken clouds,2021-06-07 04:19:09
609,Juneau,58.3019,-134.4197,55.4,87,75,3.47,US,broken clouds,2021-06-07 04:24:02
610,Irbeyskoye,55.6428,95.4522,60.51,71,100,12.06,RU,overcast clouds,2021-06-07 04:24:03
611,Kawalu,-7.3817,108.2082,85.14,61,75,4.38,ID,broken clouds,2021-06-07 04:24:03
612,Sarkand,45.41,79.9186,71.69,38,73,6.04,KZ,broken clouds,2021-06-07 04:24:03
613,Gorontalo,0.5412,123.0595,87.91,61,38,5.3,ID,scattered clouds,2021-06-07 04:24:04
614,Repnoye,51.5921,43.1861,60.26,84,87,2.8,RU,overcast clouds,2021-06-07 04:24:04
615,Tucuma,-0.1833,-50.05,75.31,92,11,5.39,BR,few clouds,2021-06-07 04:24:05
616,Vao,-22.6667,167.4833,69.73,62,22,15.19,NC,few clouds,2021-06-07 04:24:05
617,Palana,59.1167,159.9667,45.01,77,83,2.1,RU,broken clouds,2021-06-07 04:22:13
618,Northam,51.0333,-4.2167,53.15,96,77,4.83,GB,broken clouds,2021-06-07 04:24:06
619,Gorno-Altaysk,51.9561,85.955,68.36,48,7,3.53,RU,clear sky,2021-06-07 04:24:06
620,Tessalit,20.1986,1.0114,89.62,11,0,9.73,ML,clear sky,2021-06-07 04:24:06
621,Rivne,50.6231,26.2274,58.84,94,0,4.47,UA,clear sky,2021-06-07 04:24:07
622,Marabba,12.35,32.1833,82.9,56,42,10.78,SD,scattered clouds,2021-06-07 04:24:07
623,Puerto Escondido,15.85,-97.0667,83.32,81,100,5.35,MX,overcast clouds,2021-06-07 04:24:07
624,Dali,25.7,100.1833,75.67,59,54,4.36,CN,broken clouds,2021-06-07 04:24:08
625,Volchanets,42.9131,132.7469,70.92,48,28,5.68,RU,scattered clouds,2021-06-07 04:24:08
626,Mantua,45.1667,10.7833,67.75,89,85,1.99,IT,overcast clouds,2021-06-07 04:24:09
627,Aswan,24.0934,32.907,80.29,19,0,13.6,EG,clear sky,2021-06-07 04:22:49
628,Kharan,28.5833,65.4167,91.18,35,0,5.46,PK,clear sky,2021-06-07 04:24:09
629,Tateyama,34.9833,139.8667,75.22,85,100,2.26,JP,overcast clouds,2021-06-07 04:24:09
630,Imbituba,-28.24,-48.6703,62.49,93,100,9.13,BR,overcast clouds,2021-06-07 04:21:26
631,South Venice,27.0531,-82.4243,82.42,81,75,5.75,US,haze,2021-06-07 04:24:10
632,Sarakhs,36.5449,61.1577,86.14,37,0,6.91,IR,clear sky,2021-06-07 04:24:10
633,Esna,25.2934,32.554,77.02,22,0,13.96,EG,clear sky,2021-06-07 04:24:11
634,Saldanha,-33.0117,17.9442,68.05,38,2,27.07,ZA,clear sky,2021-06-07 04:24:11
635,Oksbol,55.6268,8.2876,57.49,93,100,6.4,DK,overcast clouds,2021-06-07 04:24:11
636,Nouakchott,18.0858,-15.9785,76.93,33,4,17.29,MR,clear sky,2021-06-07 04:24:06
637,Carauari,-4.8828,-66.8958,73.31,98,97,2.08,BR,overcast clouds,2021-06-07 04:24:12
638,Micomeseng,2.1462,10.6164,69.06,100,100,0.16,GQ,moderate rain,2021-06-07 04:24:12
639,Karaidel,55.8337,56.9069,66.79,55,3,1.21,RU,clear sky,2021-06-07 04:21:06
640,Guasdualito,7.2424,-70.7324,70.45,97,100,3.0,VE,overcast clouds,2021-06-07 04:24:13
641,Port Augusta,-32.5,137.7667,73.54,27,0,28.05,AU,clear sky,2021-06-07 04:24:13
642,Mattru,7.6244,-11.8332,75.0,98,100,1.34,SL,light rain,2021-06-07 04:24:13
643,Waipawa,-41.4122,175.5153,53.46,77,91,11.03,NZ,overcast clouds,2021-06-07 04:22:11
644,Los Algarrobos,8.5,-82.4333,79.45,90,59,1.54,PA,broken clouds,2021-06-07 04:24:14
645,Spassk,52.747,87.7545,68.47,49,16,2.95,RU,few clouds,2021-06-07 04:24:14
646,Haverhill,42.7762,-71.0773,79.05,76,1,4.0,US,clear sky,2021-06-07 04:19:57
647,Montilla,37.5863,-4.6381,66.79,56,0,3.6,ES,clear sky,2021-06-07 04:24:15
648,Valleyview,55.0667,-117.2859,57.24,47,94,8.05,CA,overcast clouds,2021-06-07 04:24:15
649,Dauphin,51.1494,-100.0502,60.94,55,1,14.97,CA,clear sky,2021-06-07 04:24:16
650,Birao,10.2849,22.7882,75.4,78,62,3.33,CF,broken clouds,2021-06-07 04:24:16
651,Kodinar,20.7903,70.7031,87.69,62,17,9.62,IN,few clouds,2021-06-07 04:24:18
652,Ternate,0.8,127.4,83.97,70,79,6.11,ID,broken clouds,2021-06-07 04:24:18
653,Tigil,57.8,158.6667,53.22,70,94,6.87,RU,overcast clouds,2021-06-07 04:24:18
654,Amapa,1.0,-52.0,70.84,99,47,1.48,BR,scattered clouds,2021-06-07 04:24:19
655,Tevaitoa,-16.7833,-151.5,81.05,77,25,10.6,PF,light rain,2021-06-07 04:24:19
656,Vila,42.0304,-8.1588,50.32,78,100,3.56,PT,overcast clouds,2021-06-07 04:24:19
657,Tazovskiy,67.4667,78.7,35.89,75,85,9.4,RU,overcast clouds,2021-06-07 04:24:20
658,Chiredzi,-21.05,31.6667,53.62,89,77,4.36,ZW,broken clouds,2021-06-07 04:24:20
659,Upata,8.0086,-62.3989,70.21,96,63,5.03,VE,broken clouds,2021-06-07 04:24:20
660,Brejo Da Madre De Deus,-8.1458,-36.3711,62.83,98,31,4.7,BR,scattered clouds,2021-06-07 04:24:21
661,Kamina,-8.7386,24.9906,57.87,76,4,4.03,CD,clear sky,2021-06-07 04:24:21
662,Pimentel,-6.8367,-79.9342,66.99,85,98,1.01,PE,light rain,2021-06-07 04:24:21
663,Nhulunbuy,-12.2333,136.7667,81.21,74,75,11.5,AU,broken clouds,2021-06-07 04:24:22
664,Nianzishan,47.5167,122.8833,78.4,31,0,7.76,CN,clear sky,2021-06-07 04:24:22
665,Diapaga,12.0708,1.7889,82.04,59,97,6.82,BF,overcast clouds,2021-06-07 04:24:22
666,Tiznit,29.5833,-9.5,68.5,61,90,1.48,MA,overcast clouds,2021-06-07 04:24:23
667,Huruta,8.15,39.35,61.74,64,41,2.73,ET,scattered clouds,2021-06-07 04:24:23
668,Half Moon Bay,37.4636,-122.4286,63.77,72,20,1.01,US,haze,2021-06-07 04:24:24
669,Roald,62.5833,6.1333,55.0,87,75,6.91,NO,broken clouds,2021-06-07 04:24:24
670,Becerril,9.7041,-73.2793,77.56,72,100,5.17,CO,overcast clouds,2021-06-07 04:24:24
671,Laizhou,37.1717,119.9214,82.13,49,100,8.66,CN,overcast clouds,2021-06-07 04:24:25
672,Asau,46.4333,26.4,54.39,88,26,3.87,RO,scattered clouds,2021-06-07 04:24:26
673,Mackay,-21.15,149.2,76.05,68,89,17.27,AU,overcast clouds,2021-06-07 04:23:40
674,Narsaq,60.9167,-46.05,55.62,79,100,2.59,GL,overcast clouds,2021-06-07 04:24:26
675,Yichang,30.7144,111.2847,92.62,45,97,6.67,CN,overcast clouds,2021-06-07 04:22:37
676,Port Moresby,-9.4431,147.1797,85.42,70,40,17.27,PG,haze,2021-06-07 04:24:27
677,Dogondoutchi,13.6393,4.0287,86.43,39,100,9.55,NE,overcast clouds,2021-06-07 04:24:27
678,Adwa,14.1646,38.8955,71.56,33,6,3.11,ET,clear sky,2021-06-07 04:24:28
679,Bilma,18.6853,12.9164,84.9,19,86,7.56,NE,overcast clouds,2021-06-07 04:24:28
680,Kutum,14.2,24.6667,73.6,20,15,3.33,SD,few clouds,2021-06-07 04:24:28
681,Carndonagh,55.25,-7.2667,49.96,90,100,5.68,IE,overcast clouds,2021-06-07 04:24:29
682,Zabol,32.25,67.25,82.65,20,0,4.76,AF,clear sky,2021-06-07 04:24:29
683,Cockburn Town,21.4612,-71.1419,79.74,78,7,22.01,TC,clear sky,2021-06-07 04:21:16
684,Sept-Iles,50.2001,-66.3821,47.05,87,75,1.01,CA,broken clouds,2021-06-07 04:24:29
685,Ferme-Neuve,46.7001,-75.4493,71.38,95,100,6.33,CA,overcast clouds,2021-06-07 04:24:30
686,Les Herbiers,46.8667,-1.0167,54.39,77,95,3.36,FR,overcast clouds,2021-06-07 04:24:30
687,Huarmey,-10.0681,-78.1522,64.69,85,88,6.4,PE,overcast clouds,2021-06-07 04:24:30
688,Urumqi,43.801,87.6005,70.75,28,0,6.55,CN,clear sky,2021-06-07 04:22:03
689,Nuuk,64.1835,-51.7216,39.81,93,90,2.3,GL,light rain,2021-06-07 04:24:31
690,Birjand,32.8663,59.2211,91.87,9,0,13.8,IR,clear sky,2021-06-07 04:24:31
691,Vanavara,60.34,102.2797,39.43,94,100,4.03,RU,light rain,2021-06-07 04:24:32
692,Brainerd,46.358,-94.2008,80.38,57,90,4.61,US,overcast clouds,2021-06-07 04:24:23
693,Shar,49.5886,81.0453,68.54,44,0,4.23,KZ,clear sky,2021-06-07 04:24:32
694,Mitsamiouli,-11.3847,43.2844,78.3,69,11,13.44,KM,few clouds,2021-06-07 04:24:33
695,Modakeke,7.3833,4.2667,70.75,99,97,2.73,NG,overcast clouds,2021-06-07 04:24:33
696,Lyubashivka,47.8372,30.2598,57.31,82,45,8.21,UA,scattered clouds,2021-06-07 04:24:33
697,Husavik,66.0449,-17.3389,44.51,72,33,9.24,IS,scattered clouds,2021-06-07 04:21:37
698,Hede,33.7681,120.2517,98.78,13,100,14.76,CN,overcast clouds,2021-06-07 04:24:34
699,Alta Floresta,-9.8756,-56.0861,73.02,64,100,3.71,BR,overcast clouds,2021-06-07 04:24:34
700,Oistins,13.0667,-59.5333,80.69,65,40,20.71,BB,scattered clouds,2021-06-07 04:24:34
701,Zhezkazgan,47.8043,67.7144,74.84,17,36,16.78,KZ,scattered clouds,2021-06-07 04:24:35
702,Krasnogvardeyskoye,45.8456,41.5186,62.11,86,100,10.47,RU,overcast clouds,2021-06-07 04:20:08
703,Marawi,7.9986,124.2928,81.75,58,57,3.44,PH,broken clouds,2021-06-07 04:22:04
704,Niort,46.3333,-0.3333,56.68,90,95,4.18,FR,overcast clouds,2021-06-07 04:24:35
705,Ponta Delgada,37.7333,-25.6667,63.32,88,20,0.0,PT,few clouds,2021-06-07 04:24:36
706,Nikolayevsk-Na-Amure,53.1406,140.73,48.69,78,100,8.41,RU,overcast clouds,2021-06-07 04:24:36
707,Kachiry,53.0675,76.1036,73.71,25,6,3.96,KZ,clear sky,2021-06-07 04:24:36
708,Dajal,29.5577,70.3762,102.78,28,0,18.81,PK,clear sky,2021-06-07 04:24:37
